2026-08-04 14:00:41  [INFO    ]  vdb_ui.api           │ ======================================================================
2026-08-04 14:00:41  [INFO    ]  vdb_ui.api           │ Vector DB Showdown UI — starting up
2026-08-04 14:00:41  [INFO    ]  vdb_ui.api           │ Engine dir     : C:\AI Agent study\VectorDB_Showdown
2026-08-04 14:00:41  [INFO    ]  vdb_ui.api           │ Engine log file: C:\AI Agent study\VectorDB_Showdown\logs\vectordb_showdown_2026-08-04.log
2026-08-04 14:00:41  [INFO    ]  vdb_ui.api           │ ======================================================================
2026-08-04 14:01:26  [INFO    ]  vdb_ui.api           │ → GET /api/health
2026-08-04 14:01:26  [INFO    ]  vdb_ui.api           │ ← GET /api/health → 200 (5.8 ms)
2026-08-04 14:01:26  [INFO    ]  vdb_ui.api           │ → GET /api/case-studies
2026-08-04 14:01:26  [INFO    ]  vdb_ui.api           │ ← GET /api/case-studies → 200 (1.9 ms)
2026-08-04 14:01:26  [INFO    ]  vdb_ui.api           │ → GET /api/logs/latest
2026-08-04 14:01:26  [INFO    ]  vdb_ui.api           │ ← GET /api/logs/latest → 200 (4.2 ms)
2026-08-04 14:01:29  [INFO    ]  vdb_ui.api           │ → GET /api/logs/latest
2026-08-04 14:01:29  [INFO    ]  vdb_ui.api           │ ← GET /api/logs/latest → 200 (2.0 ms)
2026-08-04 14:01:32  [INFO    ]  vdb_ui.api           │ → GET /api/logs/latest
2026-08-04 14:01:32  [INFO    ]  vdb_ui.api           │ ← GET /api/logs/latest → 200 (2.8 ms)
2026-08-04 14:01:35  [INFO    ]  vdb_ui.api           │ → GET /api/logs/latest
2026-08-04 14:01:35  [INFO    ]  vdb_ui.api           │ ← GET /api/logs/latest → 200 (1.8 ms)
2026-08-04 14:01:36  [INFO    ]  vdb_ui.api           │ → GET /api/health
2026-08-04 14:01:36  [INFO    ]  vdb_ui.api           │ ← GET /api/health → 200 (1.4 ms)
2026-08-04 14:01:38  [INFO    ]  vdb_ui.api           │ → GET /api/logs/latest
2026-08-04 14:01:38  [INFO    ]  vdb_ui.api           │ ← GET /api/logs/latest → 200 (2.0 ms)
2026-08-04 14:01:41  [INFO    ]  vdb_ui.api           │ → GET /api/logs/latest
2026-08-04 14:01:41  [INFO    ]  vdb_ui.api           │ ← GET /api/logs/latest → 200 (1.7 ms)
2026-08-04 14:01:44  [INFO    ]  vdb_ui.api           │ → GET /api/logs/latest
2026-08-04 14:01:44  [INFO    ]  vdb_ui.api           │ ← GET /api/logs/latest → 200 (2.1 ms)
2026-08-04 14:01:46  [INFO    ]  vdb_ui.api           │ → GET /api/health
2026-08-04 14:01:46  [INFO    ]  vdb_ui.api           │ ← GET /api/health → 200 (1.4 ms)
2026-08-04 14:01:47  [INFO    ]  vdb_ui.api           │ → GET /api/logs/latest
2026-08-04 14:01:47  [INFO    ]  vdb_ui.api           │ ← GET /api/logs/latest → 200 (2.6 ms)
2026-08-04 14:01:47  [INFO    ]  vdb_ui.api           │ → OPTIONS /api/query
2026-08-04 14:01:47  [INFO    ]  vdb_ui.api           │ ← OPTIONS /api/query → 200 (1.0 ms)
2026-08-04 14:01:47  [INFO    ]  vdb_ui.api           │ → POST /api/query
2026-08-04 14:01:50  [INFO    ]  vdb_ui.api           │ → GET /api/logs/latest
2026-08-04 14:01:50  [INFO    ]  vdb_ui.api           │ ← GET /api/logs/latest → 200 (4.0 ms)
2026-08-04 14:01:53  [INFO    ]  vdb_ui.api           │ → GET /api/logs/latest
2026-08-04 14:01:53  [INFO    ]  vdb_ui.api           │ ← GET /api/logs/latest → 200 (2.3 ms)
2026-08-04 14:01:56  [INFO    ]  vdb_ui.api           │ → GET /api/health
2026-08-04 14:01:56  [INFO    ]  vdb_ui.api           │ ← GET /api/health → 200 (1.6 ms)
2026-08-04 14:01:56  [INFO    ]  vdb_ui.api           │ → GET /api/logs/latest
2026-08-04 14:01:56  [INFO    ]  vdb_ui.api           │ ← GET /api/logs/latest → 200 (3.3 ms)
2026-08-04 14:01:56  [INFO    ]  vdb_ui.api           │ ← POST /api/query → 200 (8923.8 ms)
2026-08-04 14:01:59  [INFO    ]  vdb_ui.api           │ → GET /api/logs/latest
2026-08-04 14:01:59  [INFO    ]  vdb_ui.api           │ ← GET /api/logs/latest → 200 (2.7 ms)
2026-08-04 14:02:02  [INFO    ]  vdb_ui.api           │ → GET /api/logs/latest
2026-08-04 14:02:02  [INFO    ]  vdb_ui.api           │ ← GET /api/logs/latest → 200 (3.9 ms)
2026-08-04 14:02:05  [INFO    ]  vdb_ui.api           │ → GET /api/logs/latest
2026-08-04 14:02:05  [INFO    ]  vdb_ui.api           │ ← GET /api/logs/latest → 200 (2.6 ms)
2026-08-04 14:02:06  [INFO    ]  vdb_ui.api           │ → GET /api/health
2026-08-04 14:02:06  [INFO    ]  vdb_ui.api           │ ← GET /api/health → 200 (1.5 ms)
2026-08-04 14:02:08  [INFO    ]  vdb_ui.api           │ → GET /api/logs/latest
2026-08-04 14:02:08  [INFO    ]  vdb_ui.api           │ ← GET /api/logs/latest → 200 (5.4 ms)
2026-08-04 14:02:11  [INFO    ]  vdb_ui.api           │ → GET /api/logs/latest
2026-08-04 14:02:11  [INFO    ]  vdb_ui.api           │ ← GET /api/logs/latest → 200 (3.7 ms)
2026-08-04 14:02:14  [INFO    ]  vdb_ui.api           │ → GET /api/logs/latest
2026-08-04 14:02:14  [INFO    ]  vdb_ui.api           │ ← GET /api/logs/latest → 200 (4.6 ms)
2026-08-04 14:02:16  [INFO    ]  vdb_ui.api           │ → GET /api/health
2026-08-04 14:02:16  [INFO    ]  vdb_ui.api           │ ← GET /api/health → 200 (1.6 ms)
2026-08-04 14:02:17  [INFO    ]  vdb_ui.api           │ → GET /api/logs/latest
2026-08-04 14:02:17  [INFO    ]  vdb_ui.api           │ ← GET /api/logs/latest → 200 (2.9 ms)
2026-08-04 14:02:20  [INFO    ]  vdb_ui.api           │ → GET /api/logs/latest
2026-08-04 14:02:20  [INFO    ]  vdb_ui.api           │ ← GET /api/logs/latest → 200 (3.7 ms)
2026-08-04 14:02:23  [INFO    ]  vdb_ui.api           │ → GET /api/logs/latest
2026-08-04 14:02:23  [INFO    ]  vdb_ui.api           │ ← GET /api/logs/latest → 200 (4.7 ms)
2026-08-04 14:02:26  [INFO    ]  vdb_ui.api           │ → GET /api/health
2026-08-04 14:02:26  [INFO    ]  vdb_ui.api           │ → GET /api/logs/latest
2026-08-04 14:02:26  [INFO    ]  vdb_ui.api           │ ← GET /api/health → 200 (5.3 ms)
2026-08-04 14:02:26  [INFO    ]  vdb_ui.api           │ ← GET /api/logs/latest → 200 (10.7 ms)
2026-08-04 14:02:29  [INFO    ]  vdb_ui.api           │ → GET /api/logs/latest
2026-08-04 14:02:29  [INFO    ]  vdb_ui.api           │ ← GET /api/logs/latest → 200 (4.5 ms)
2026-08-04 14:02:32  [INFO    ]  vdb_ui.api           │ → OPTIONS /api/build
2026-08-04 14:02:32  [INFO    ]  vdb_ui.api           │ ← OPTIONS /api/build → 200 (1.1 ms)
2026-08-04 14:02:32  [INFO    ]  vdb_ui.api           │ → POST /api/build
2026-08-04 14:02:32  [INFO    ]  vdb_ui.api           │ → GET /api/logs/latest
2026-08-04 14:02:32  [INFO    ]  vdb_ui.api           │ ← GET /api/logs/latest → 200 (2.8 ms)
2026-08-04 14:02:35  [INFO    ]  vdb_ui.api           │ → GET /api/logs/latest
2026-08-04 14:02:35  [INFO    ]  vdb_ui.api           │ ← GET /api/logs/latest → 200 (3.5 ms)
2026-08-04 14:02:36  [INFO    ]  vdb_ui.api           │ → GET /api/health
2026-08-04 14:02:36  [INFO    ]  vdb_ui.api           │ ← GET /api/health → 200 (2.6 ms)
2026-08-04 14:02:37  [INFO    ]  vdb_ui.api           │ ← POST /api/build → 200 (5250.7 ms)
2026-08-04 14:02:38  [INFO    ]  vdb_ui.api           │ → GET /api/logs/latest
2026-08-04 14:02:38  [INFO    ]  vdb_ui.api           │ ← GET /api/logs/latest → 200 (4.5 ms)
2026-08-04 14:02:41  [INFO    ]  vdb_ui.api           │ → GET /api/logs/latest
2026-08-04 14:02:41  [INFO    ]  vdb_ui.api           │ ← GET /api/logs/latest → 200 (2.2 ms)
2026-08-04 14:02:44  [INFO    ]  vdb_ui.api           │ → GET /api/logs/latest
2026-08-04 14:02:44  [INFO    ]  vdb_ui.api           │ ← GET /api/logs/latest → 200 (2.8 ms)
2026-08-04 14:02:46  [INFO    ]  vdb_ui.api           │ → GET /api/health
2026-08-04 14:02:46  [INFO    ]  vdb_ui.api           │ ← GET /api/health → 200 (1.6 ms)
2026-08-04 14:02:47  [INFO    ]  vdb_ui.api           │ → GET /api/logs/latest
2026-08-04 14:02:47  [INFO    ]  vdb_ui.api           │ ← GET /api/logs/latest → 200 (2.6 ms)
2026-08-04 14:02:50  [INFO    ]  vdb_ui.api           │ → GET /api/logs/latest
2026-08-04 14:02:50  [INFO    ]  vdb_ui.api           │ ← GET /api/logs/latest → 200 (2.7 ms)
2026-08-04 14:02:54  [INFO    ]  vdb_ui.api           │ → GET /api/logs/latest
2026-08-04 14:02:54  [INFO    ]  vdb_ui.api           │ ← GET /api/logs/latest → 200 (2.6 ms)
2026-08-04 14:02:57  [INFO    ]  vdb_ui.api           │ → GET /api/health
2026-08-04 14:02:57  [INFO    ]  vdb_ui.api           │ → GET /api/logs/latest
2026-08-04 14:02:57  [INFO    ]  vdb_ui.api           │ ← GET /api/health → 200 (2.4 ms)
2026-08-04 14:02:57  [INFO    ]  vdb_ui.api           │ ← GET /api/logs/latest → 200 (2.7 ms)
2026-08-04 14:02:59  [INFO    ]  vdb_ui.api           │ → GET /api/logs/latest
2026-08-04 14:02:59  [INFO    ]  vdb_ui.api           │ ← GET /api/logs/latest → 200 (2.1 ms)
2026-08-04 14:03:02  [INFO    ]  vdb_ui.api           │ → GET /api/logs/latest
2026-08-04 14:03:02  [INFO    ]  vdb_ui.api           │ ← GET /api/logs/latest → 200 (2.5 ms)
2026-08-04 14:03:05  [INFO    ]  vdb_ui.api           │ → GET /api/logs/latest
2026-08-04 14:03:05  [INFO    ]  vdb_ui.api           │ ← GET /api/logs/latest → 200 (2.8 ms)
2026-08-04 14:03:06  [INFO    ]  vdb_ui.api           │ → GET /api/health
2026-08-04 14:03:06  [INFO    ]  vdb_ui.api           │ ← GET /api/health → 200 (1.5 ms)
2026-08-04 14:03:08  [INFO    ]  vdb_ui.api           │ → GET /api/logs/latest
2026-08-04 14:03:08  [INFO    ]  vdb_ui.api           │ ← GET /api/logs/latest → 200 (5.6 ms)
2026-08-04 14:03:11  [INFO    ]  vdb_ui.api           │ → GET /api/logs/latest
2026-08-04 14:03:11  [INFO    ]  vdb_ui.api           │ ← GET /api/logs/latest → 200 (7.9 ms)
2026-08-04 14:03:14  [INFO    ]  vdb_ui.api           │ → GET /api/logs/latest
2026-08-04 14:03:14  [INFO    ]  vdb_ui.api           │ ← GET /api/logs/latest → 200 (6.2 ms)
2026-08-04 14:03:17  [INFO    ]  vdb_ui.api           │ → GET /api/health
2026-08-04 14:03:17  [INFO    ]  vdb_ui.api           │ ← GET /api/health → 200 (4.5 ms)
2026-08-04 14:03:18  [INFO    ]  vdb_ui.api           │ → GET /api/logs/latest
2026-08-04 14:03:18  [INFO    ]  vdb_ui.api           │ ← GET /api/logs/latest → 200 (3.5 ms)
2026-08-04 14:03:21  [INFO    ]  vdb_ui.api           │ → GET /api/logs/latest
2026-08-04 14:03:21  [INFO    ]  vdb_ui.api           │ ← GET /api/logs/latest → 200 (5.4 ms)
2026-08-04 14:03:24  [INFO    ]  vdb_ui.api           │ → GET /api/logs/latest
2026-08-04 14:03:24  [INFO    ]  vdb_ui.api           │ ← GET /api/logs/latest → 200 (2.5 ms)
2026-08-04 14:03:27  [INFO    ]  vdb_ui.api           │ → GET /api/health
2026-08-04 14:03:27  [INFO    ]  vdb_ui.api           │ ← GET /api/health → 200 (4.3 ms)
2026-08-04 14:03:27  [INFO    ]  vdb_ui.api           │ → GET /api/logs/latest
2026-08-04 14:03:27  [INFO    ]  vdb_ui.api           │ ← GET /api/logs/latest → 200 (6.5 ms)
2026-08-04 14:03:30  [INFO    ]  vdb_ui.api           │ → GET /api/logs/latest
2026-08-04 14:03:30  [INFO    ]  vdb_ui.api           │ ← GET /api/logs/latest → 200 (3.5 ms)
2026-08-04 14:03:33  [INFO    ]  vdb_ui.api           │ → GET /api/logs/latest
2026-08-04 14:03:33  [INFO    ]  vdb_ui.api           │ ← GET /api/logs/latest → 200 (4.7 ms)
2026-08-04 14:03:36  [INFO    ]  vdb_ui.api           │ → GET /api/logs/latest
2026-08-04 14:03:36  [INFO    ]  vdb_ui.api           │ ← GET /api/logs/latest → 200 (6.9 ms)
2026-08-04 14:03:37  [INFO    ]  vdb_ui.api           │ → GET /api/health
2026-08-04 14:03:37  [INFO    ]  vdb_ui.api           │ ← GET /api/health → 200 (1.6 ms)
2026-08-04 14:03:39  [INFO    ]  vdb_ui.api           │ → GET /api/logs/latest
2026-08-04 14:03:39  [INFO    ]  vdb_ui.api           │ ← GET /api/logs/latest → 200 (5.3 ms)
2026-08-04 14:03:42  [INFO    ]  vdb_ui.api           │ → GET /api/logs/latest
2026-08-04 14:03:42  [INFO    ]  vdb_ui.api           │ ← GET /api/logs/latest → 200 (5.7 ms)
2026-08-04 14:03:45  [INFO    ]  vdb_ui.api           │ → GET /api/logs/latest
2026-08-04 14:03:45  [INFO    ]  vdb_ui.api           │ ← GET /api/logs/latest → 200 (28.0 ms)
2026-08-04 14:03:47  [INFO    ]  vdb_ui.api           │ → GET /api/health
2026-08-04 14:03:47  [INFO    ]  vdb_ui.api           │ ← GET /api/health → 200 (3.9 ms)
2026-08-04 14:03:48  [INFO    ]  vdb_ui.api           │ → GET /api/logs/latest
2026-08-04 14:03:48  [INFO    ]  vdb_ui.api           │ ← GET /api/logs/latest → 200 (5.7 ms)
2026-08-04 14:03:51  [INFO    ]  vdb_ui.api           │ → GET /api/logs/latest
2026-08-04 14:03:51  [INFO    ]  vdb_ui.api           │ ← GET /api/logs/latest → 200 (5.7 ms)
2026-08-04 14:03:54  [INFO    ]  vdb_ui.api           │ → GET /api/logs/latest
2026-08-04 14:03:54  [INFO    ]  vdb_ui.api           │ ← GET /api/logs/latest → 200 (6.0 ms)
2026-08-04 14:03:57  [INFO    ]  vdb_ui.api           │ → GET /api/health
2026-08-04 14:03:57  [INFO    ]  vdb_ui.api           │ → GET /api/logs/latest
2026-08-04 14:03:57  [INFO    ]  vdb_ui.api           │ ← GET /api/health → 200 (7.3 ms)
2026-08-04 14:03:57  [INFO    ]  vdb_ui.api           │ ← GET /api/logs/latest → 200 (10.2 ms)
2026-08-04 14:04:00  [INFO    ]  vdb_ui.api           │ → GET /api/logs/latest
2026-08-04 14:04:00  [INFO    ]  vdb_ui.api           │ ← GET /api/logs/latest → 200 (5.5 ms)
2026-08-04 14:04:03  [INFO    ]  vdb_ui.api           │ → GET /api/logs/latest
2026-08-04 14:04:03  [INFO    ]  vdb_ui.api           │ ← GET /api/logs/latest → 200 (5.8 ms)
2026-08-04 14:04:06  [INFO    ]  vdb_ui.api           │ → GET /api/logs/latest
2026-08-04 14:04:06  [INFO    ]  vdb_ui.api           │ ← GET /api/logs/latest → 200 (6.7 ms)
2026-08-04 14:04:07  [INFO    ]  vdb_ui.api           │ → GET /api/health
2026-08-04 14:04:07  [INFO    ]  vdb_ui.api           │ ← GET /api/health → 200 (3.5 ms)
2026-08-04 14:04:09  [INFO    ]  vdb_ui.api           │ → GET /api/logs/latest
2026-08-04 14:04:09  [INFO    ]  vdb_ui.api           │ ← GET /api/logs/latest → 200 (10.5 ms)
2026-08-04 14:04:12  [INFO    ]  vdb_ui.api           │ → GET /api/logs/latest
2026-08-04 14:04:12  [INFO    ]  vdb_ui.api           │ ← GET /api/logs/latest → 200 (7.3 ms)
2026-08-04 14:05:09  [INFO    ]  vdb_ui.api           │ → GET /api/logs/latest
2026-08-04 14:05:09  [INFO    ]  vdb_ui.api           │ → GET /api/health
2026-08-04 14:05:09  [INFO    ]  vdb_ui.api           │ ← GET /api/health → 200 (7.2 ms)
2026-08-04 14:05:09  [INFO    ]  vdb_ui.api           │ ← GET /api/logs/latest → 200 (13.5 ms)
2026-08-04 14:05:19  [INFO    ]  vdb_ui.api           │ → GET /api/logs/latest
2026-08-04 14:05:19  [INFO    ]  vdb_ui.api           │ ← GET /api/logs/latest → 200 (3.5 ms)
2026-08-04 14:05:19  [INFO    ]  vdb_ui.api           │ → GET /api/health
2026-08-04 14:05:19  [INFO    ]  vdb_ui.api           │ ← GET /api/health → 200 (4.5 ms)
2026-08-04 14:05:20  [INFO    ]  vdb_ui.api           │ → GET /api/logs/latest
2026-08-04 14:05:20  [INFO    ]  vdb_ui.api           │ ← GET /api/logs/latest → 200 (3.5 ms)
2026-08-04 14:05:23  [INFO    ]  vdb_ui.api           │ → GET /api/logs/latest
2026-08-04 14:05:23  [INFO    ]  vdb_ui.api           │ ← GET /api/logs/latest → 200 (2.8 ms)
2026-08-04 14:05:26  [INFO    ]  vdb_ui.api           │ → GET /api/health
2026-08-04 14:05:26  [INFO    ]  vdb_ui.api           │ → GET /api/logs/latest
2026-08-04 14:05:26  [INFO    ]  vdb_ui.api           │ ← GET /api/health → 200 (2.8 ms)
2026-08-04 14:05:26  [INFO    ]  vdb_ui.api           │ ← GET /api/logs/latest → 200 (4.0 ms)
2026-08-04 14:05:29  [INFO    ]  vdb_ui.api           │ → GET /api/logs/latest
2026-08-04 14:05:29  [INFO    ]  vdb_ui.api           │ ← GET /api/logs/latest → 200 (3.1 ms)
2026-08-04 14:05:32  [INFO    ]  vdb_ui.api           │ → GET /api/logs/latest
2026-08-04 14:05:32  [INFO    ]  vdb_ui.api           │ ← GET /api/logs/latest → 200 (3.9 ms)
2026-08-04 14:05:35  [INFO    ]  vdb_ui.api           │ → GET /api/logs/latest
2026-08-04 14:05:35  [INFO    ]  vdb_ui.api           │ ← GET /api/logs/latest → 200 (2.5 ms)
2026-08-04 14:05:36  [INFO    ]  vdb_ui.api           │ → GET /api/health
2026-08-04 14:05:36  [INFO    ]  vdb_ui.api           │ ← GET /api/health → 200 (2.2 ms)
2026-08-04 14:05:38  [INFO    ]  vdb_ui.api           │ → GET /api/logs/latest
2026-08-04 14:05:38  [INFO    ]  vdb_ui.api           │ ← GET /api/logs/latest → 200 (3.9 ms)
2026-08-04 14:05:41  [INFO    ]  vdb_ui.api           │ → GET /api/logs/latest
2026-08-04 14:05:41  [INFO    ]  vdb_ui.api           │ ← GET /api/logs/latest → 200 (2.2 ms)
2026-08-04 14:05:44  [INFO    ]  vdb_ui.api           │ → GET /api/logs/latest
2026-08-04 14:05:44  [INFO    ]  vdb_ui.api           │ ← GET /api/logs/latest → 200 (2.5 ms)
2026-08-04 14:05:46  [INFO    ]  vdb_ui.api           │ → GET /api/health
2026-08-04 14:05:46  [INFO    ]  vdb_ui.api           │ ← GET /api/health → 200 (1.9 ms)
2026-08-04 14:05:47  [INFO    ]  vdb_ui.api           │ → GET /api/logs/latest
2026-08-04 14:05:47  [INFO    ]  vdb_ui.api           │ ← GET /api/logs/latest → 200 (2.6 ms)
2026-08-04 14:05:51  [INFO    ]  vdb_ui.api           │ → GET /api/logs/latest
2026-08-04 14:05:51  [INFO    ]  vdb_ui.api           │ ← GET /api/logs/latest → 200 (6.5 ms)
2026-08-04 14:05:54  [INFO    ]  vdb_ui.api           │ → GET /api/logs/latest
2026-08-04 14:05:54  [INFO    ]  vdb_ui.api           │ ← GET /api/logs/latest → 200 (2.6 ms)
2026-08-04 14:05:57  [INFO    ]  vdb_ui.api           │ → GET /api/health
2026-08-04 14:05:57  [INFO    ]  vdb_ui.api           │ ← GET /api/health → 200 (2.3 ms)
2026-08-04 14:05:57  [INFO    ]  vdb_ui.api           │ → GET /api/logs/latest
2026-08-04 14:05:57  [INFO    ]  vdb_ui.api           │ ← GET /api/logs/latest → 200 (3.8 ms)
2026-08-04 14:06:00  [INFO    ]  vdb_ui.api           │ → GET /api/logs/latest
2026-08-04 14:06:00  [INFO    ]  vdb_ui.api           │ ← GET /api/logs/latest → 200 (3.3 ms)
2026-08-04 14:06:03  [INFO    ]  vdb_ui.api           │ → GET /api/logs/latest
2026-08-04 14:06:03  [INFO    ]  vdb_ui.api           │ ← GET /api/logs/latest → 200 (4.1 ms)
2026-08-04 14:06:06  [INFO    ]  vdb_ui.api           │ → GET /api/logs/latest
2026-08-04 14:06:06  [INFO    ]  vdb_ui.api           │ ← GET /api/logs/latest → 200 (6.0 ms)
2026-08-04 14:06:07  [INFO    ]  vdb_ui.api           │ → GET /api/health
2026-08-04 14:06:07  [INFO    ]  vdb_ui.api           │ ← GET /api/health → 200 (2.0 ms)
2026-08-04 14:06:09  [INFO    ]  vdb_ui.api           │ → GET /api/logs/latest
2026-08-04 14:06:09  [INFO    ]  vdb_ui.api           │ ← GET /api/logs/latest → 200 (3.9 ms)
2026-08-04 14:06:12  [INFO    ]  vdb_ui.api           │ → GET /api/logs/latest
2026-08-04 14:06:12  [INFO    ]  vdb_ui.api           │ ← GET /api/logs/latest → 200 (2.8 ms)
2026-08-04 14:06:15  [INFO    ]  vdb_ui.api           │ → GET /api/logs/latest
2026-08-04 14:06:15  [INFO    ]  vdb_ui.api           │ ← GET /api/logs/latest → 200 (2.7 ms)
2026-08-04 14:06:17  [INFO    ]  vdb_ui.api           │ → GET /api/health
2026-08-04 14:06:17  [INFO    ]  vdb_ui.api           │ ← GET /api/health → 200 (1.4 ms)
2026-08-04 14:06:18  [INFO    ]  vdb_ui.api           │ → GET /api/logs/latest
2026-08-04 14:06:18  [INFO    ]  vdb_ui.api           │ ← GET /api/logs/latest → 200 (2.5 ms)
2026-08-04 14:06:21  [INFO    ]  vdb_ui.api           │ → GET /api/logs/latest
2026-08-04 14:06:21  [INFO    ]  vdb_ui.api           │ ← GET /api/logs/latest → 200 (2.4 ms)
2026-08-04 14:06:24  [INFO    ]  vdb_ui.api           │ → GET /api/logs/latest
2026-08-04 14:06:24  [INFO    ]  vdb_ui.api           │ ← GET /api/logs/latest → 200 (2.5 ms)
2026-08-04 14:06:27  [INFO    ]  vdb_ui.api           │ → GET /api/health
2026-08-04 14:06:27  [INFO    ]  vdb_ui.api           │ → GET /api/logs/latest
2026-08-04 14:06:27  [INFO    ]  vdb_ui.api           │ ← GET /api/health → 200 (2.5 ms)
2026-08-04 14:06:27  [INFO    ]  vdb_ui.api           │ ← GET /api/logs/latest → 200 (3.4 ms)
2026-08-04 14:06:30  [INFO    ]  vdb_ui.api           │ → GET /api/logs/latest
2026-08-04 14:06:30  [INFO    ]  vdb_ui.api           │ ← GET /api/logs/latest → 200 (2.5 ms)
2026-08-04 14:06:33  [INFO    ]  vdb_ui.api           │ → GET /api/logs/latest
2026-08-04 14:06:33  [INFO    ]  vdb_ui.api           │ ← GET /api/logs/latest → 200 (2.4 ms)
2026-08-04 14:06:36  [INFO    ]  vdb_ui.api           │ → GET /api/logs/latest
2026-08-04 14:06:36  [INFO    ]  vdb_ui.api           │ ← GET /api/logs/latest → 200 (5.6 ms)
2026-08-04 14:06:37  [INFO    ]  vdb_ui.api           │ → GET /api/health
2026-08-04 14:06:37  [INFO    ]  vdb_ui.api           │ ← GET /api/health → 200 (1.6 ms)
2026-08-04 14:06:39  [INFO    ]  vdb_ui.api           │ → GET /api/logs/latest
2026-08-04 14:06:39  [INFO    ]  vdb_ui.api           │ ← GET /api/logs/latest → 200 (3.7 ms)
2026-08-04 14:06:42  [INFO    ]  vdb_ui.api           │ → GET /api/logs/latest
2026-08-04 14:06:42  [INFO    ]  vdb_ui.api           │ ← GET /api/logs/latest → 200 (2.4 ms)
2026-08-04 14:06:45  [INFO    ]  vdb_ui.api           │ → GET /api/logs/latest
2026-08-04 14:06:45  [INFO    ]  vdb_ui.api           │ ← GET /api/logs/latest → 200 (3.9 ms)
2026-08-04 14:06:47  [INFO    ]  vdb_ui.api           │ → GET /api/health
2026-08-04 14:06:47  [INFO    ]  vdb_ui.api           │ ← GET /api/health → 200 (1.7 ms)
2026-08-04 14:07:09  [INFO    ]  vdb_ui.api           │ → GET /api/logs/latest
2026-08-04 14:07:09  [INFO    ]  vdb_ui.api           │ → GET /api/health
2026-08-04 14:07:09  [INFO    ]  vdb_ui.api           │ ← GET /api/health → 200 (2.9 ms)
2026-08-04 14:07:09  [INFO    ]  vdb_ui.api           │ ← GET /api/logs/latest → 200 (6.2 ms)
2026-08-04 14:07:26  [INFO    ]  vdb_ui.api           │ → GET /api/logs/latest
2026-08-04 14:07:26  [INFO    ]  vdb_ui.api           │ ← GET /api/logs/latest → 200 (2.7 ms)
2026-08-04 14:07:26  [INFO    ]  vdb_ui.api           │ → GET /api/health
2026-08-04 14:07:26  [INFO    ]  vdb_ui.api           │ ← GET /api/health → 200 (1.4 ms)
2026-08-04 14:07:26  [INFO    ]  vdb_ui.api           │ → GET /api/health
2026-08-04 14:07:26  [INFO    ]  vdb_ui.api           │ → GET /api/logs/latest
2026-08-04 14:07:26  [INFO    ]  vdb_ui.api           │ ← GET /api/health → 200 (3.3 ms)
2026-08-04 14:07:26  [INFO    ]  vdb_ui.api           │ ← GET /api/logs/latest → 200 (4.3 ms)
2026-08-04 14:07:29  [INFO    ]  vdb_ui.api           │ → GET /api/logs/latest
2026-08-04 14:07:29  [INFO    ]  vdb_ui.api           │ ← GET /api/logs/latest → 200 (2.9 ms)
2026-08-04 14:07:31  [INFO    ]  vdb_ui.api           │ → OPTIONS /api/query
2026-08-04 14:07:31  [INFO    ]  vdb_ui.api           │ ← OPTIONS /api/query → 200 (0.9 ms)
2026-08-04 14:07:31  [INFO    ]  vdb_ui.api           │ → POST /api/query
2026-08-04 14:07:32  [INFO    ]  vdb_ui.api           │ → GET /api/logs/latest
2026-08-04 14:07:32  [INFO    ]  vdb_ui.api           │ ← GET /api/logs/latest → 200 (2.9 ms)
2026-08-04 14:07:33  [INFO    ]  vdb_ui.api           │ ← POST /api/query → 200 (2257.4 ms)
2026-08-04 14:07:35  [INFO    ]  vdb_ui.api           │ → GET /api/logs/latest
2026-08-04 14:07:35  [INFO    ]  vdb_ui.api           │ ← GET /api/logs/latest → 200 (7.9 ms)
2026-08-04 14:07:36  [INFO    ]  vdb_ui.api           │ → GET /api/health
2026-08-04 14:07:36  [INFO    ]  vdb_ui.api           │ ← GET /api/health → 200 (1.1 ms)
2026-08-04 14:07:38  [INFO    ]  vdb_ui.api           │ → GET /api/logs/latest
2026-08-04 14:07:38  [INFO    ]  vdb_ui.api           │ ← GET /api/logs/latest → 200 (5.6 ms)
2026-08-04 14:07:41  [INFO    ]  vdb_ui.api           │ → GET /api/logs/latest
2026-08-04 14:07:41  [INFO    ]  vdb_ui.api           │ ← GET /api/logs/latest → 200 (2.5 ms)
2026-08-04 14:07:44  [INFO    ]  vdb_ui.api           │ → GET /api/logs/latest
2026-08-04 14:07:44  [INFO    ]  vdb_ui.api           │ ← GET /api/logs/latest → 200 (5.4 ms)
2026-08-04 14:07:46  [INFO    ]  vdb_ui.api           │ → GET /api/health
2026-08-04 14:07:46  [INFO    ]  vdb_ui.api           │ ← GET /api/health → 200 (1.9 ms)
2026-08-04 14:07:47  [INFO    ]  vdb_ui.api           │ → GET /api/logs/latest
2026-08-04 14:07:47  [INFO    ]  vdb_ui.api           │ ← GET /api/logs/latest → 200 (7.8 ms)
2026-08-04 14:07:50  [INFO    ]  vdb_ui.api           │ → GET /api/logs/latest
2026-08-04 14:07:50  [INFO    ]  vdb_ui.api           │ ← GET /api/logs/latest → 200 (4.0 ms)
2026-08-04 14:07:53  [INFO    ]  vdb_ui.api           │ → GET /api/logs/latest
2026-08-04 14:07:53  [INFO    ]  vdb_ui.api           │ ← GET /api/logs/latest → 200 (3.5 ms)
2026-08-04 14:07:56  [INFO    ]  vdb_ui.api           │ → GET /api/health
2026-08-04 14:07:56  [INFO    ]  vdb_ui.api           │ ← GET /api/health → 200 (1.3 ms)
2026-08-04 14:07:56  [INFO    ]  vdb_ui.api           │ → GET /api/logs/latest
2026-08-04 14:07:56  [INFO    ]  vdb_ui.api           │ ← GET /api/logs/latest → 200 (2.1 ms)
2026-08-04 14:07:59  [INFO    ]  vdb_ui.api           │ → OPTIONS /api/query
2026-08-04 14:07:59  [INFO    ]  vdb_ui.api           │ ← OPTIONS /api/query → 200 (1.3 ms)
2026-08-04 14:07:59  [INFO    ]  vdb_ui.api           │ → POST /api/query
2026-08-04 14:07:59  [INFO    ]  vdb_ui.api           │ → GET /api/logs/latest
2026-08-04 14:07:59  [INFO    ]  vdb_ui.api           │ ← GET /api/logs/latest → 200 (3.0 ms)
2026-08-04 14:08:01  [INFO    ]  vdb_ui.api           │ ← POST /api/query → 200 (2257.5 ms)
2026-08-04 14:08:02  [INFO    ]  vdb_ui.api           │ → GET /api/logs/latest
2026-08-04 14:08:02  [INFO    ]  vdb_ui.api           │ ← GET /api/logs/latest → 200 (3.4 ms)
2026-08-04 14:08:04  [INFO    ]  vdb_ui.api           │ → OPTIONS /api/build
2026-08-04 14:08:04  [INFO    ]  vdb_ui.api           │ ← OPTIONS /api/build → 200 (0.8 ms)
2026-08-04 14:08:04  [INFO    ]  vdb_ui.api           │ → POST /api/build
2026-08-04 14:08:05  [INFO    ]  vdb_ui.api           │ → GET /api/logs/latest
2026-08-04 14:08:05  [INFO    ]  vdb_ui.api           │ ← GET /api/logs/latest → 200 (3.4 ms)
2026-08-04 14:08:06  [INFO    ]  vdb_ui.api           │ → GET /api/health
2026-08-04 14:08:06  [INFO    ]  vdb_ui.api           │ ← GET /api/health → 200 (2.5 ms)
2026-08-04 14:08:08  [INFO    ]  vdb_ui.api           │ → GET /api/logs/latest
2026-08-04 14:08:08  [INFO    ]  vdb_ui.api           │ ← GET /api/logs/latest → 200 (2.9 ms)
2026-08-04 14:08:09  [INFO    ]  vdb_ui.api           │ ← POST /api/build → 200 (5243.2 ms)
2026-08-04 14:08:11  [INFO    ]  vdb_ui.api           │ → GET /api/logs/latest
2026-08-04 14:08:11  [INFO    ]  vdb_ui.api           │ ← GET /api/logs/latest → 200 (3.2 ms)
2026-08-04 14:08:14  [INFO    ]  vdb_ui.api           │ → GET /api/logs/latest
2026-08-04 14:08:14  [INFO    ]  vdb_ui.api           │ ← GET /api/logs/latest → 200 (2.8 ms)
2026-08-04 14:08:16  [INFO    ]  vdb_ui.api           │ → GET /api/health
2026-08-04 14:08:16  [INFO    ]  vdb_ui.api           │ ← GET /api/health → 200 (2.0 ms)
2026-08-04 14:08:17  [INFO    ]  vdb_ui.api           │ → GET /api/logs/latest
2026-08-04 14:08:17  [INFO    ]  vdb_ui.api           │ ← GET /api/logs/latest → 200 (2.7 ms)
2026-08-04 14:08:17  [INFO    ]  vdb_ui.api           │ → OPTIONS /api/query
2026-08-04 14:08:17  [INFO    ]  vdb_ui.api           │ ← OPTIONS /api/query → 200 (0.8 ms)
2026-08-04 14:08:17  [INFO    ]  vdb_ui.api           │ → POST /api/query
2026-08-04 14:08:19  [INFO    ]  vdb_ui.api           │ ← POST /api/query → 200 (2268.1 ms)
2026-08-04 14:08:20  [INFO    ]  vdb_ui.api           │ → GET /api/logs/latest
2026-08-04 14:08:20  [INFO    ]  vdb_ui.api           │ ← GET /api/logs/latest → 200 (2.9 ms)
2026-08-04 14:08:23  [INFO    ]  vdb_ui.api           │ → GET /api/logs/latest
2026-08-04 14:08:23  [INFO    ]  vdb_ui.api           │ ← GET /api/logs/latest → 200 (3.0 ms)
2026-08-04 14:08:26  [INFO    ]  vdb_ui.api           │ → GET /api/health
2026-08-04 14:08:26  [INFO    ]  vdb_ui.api           │ → GET /api/logs/latest
2026-08-04 14:08:26  [INFO    ]  vdb_ui.api           │ ← GET /api/health → 200 (3.1 ms)
2026-08-04 14:08:26  [INFO    ]  vdb_ui.api           │ ← GET /api/logs/latest → 200 (9.6 ms)
2026-08-04 14:08:29  [INFO    ]  vdb_ui.api           │ → GET /api/logs/latest
2026-08-04 14:08:29  [INFO    ]  vdb_ui.api           │ ← GET /api/logs/latest → 200 (4.5 ms)
2026-08-04 14:08:32  [INFO    ]  vdb_ui.api           │ → GET /api/logs/latest
2026-08-04 14:08:32  [INFO    ]  vdb_ui.api           │ ← GET /api/logs/latest → 200 (3.0 ms)
2026-08-04 14:08:35  [INFO    ]  vdb_ui.api           │ → GET /api/logs/latest
2026-08-04 14:08:35  [INFO    ]  vdb_ui.api           │ ← GET /api/logs/latest → 200 (2.6 ms)
2026-08-04 14:08:36  [INFO    ]  vdb_ui.api           │ → GET /api/health
2026-08-04 14:08:36  [INFO    ]  vdb_ui.api           │ ← GET /api/health → 200 (1.5 ms)
2026-08-04 14:08:38  [INFO    ]  vdb_ui.api           │ → GET /api/logs/latest
2026-08-04 14:08:38  [INFO    ]  vdb_ui.api           │ ← GET /api/logs/latest → 200 (4.2 ms)
2026-08-04 14:08:41  [INFO    ]  vdb_ui.api           │ → GET /api/logs/latest
2026-08-04 14:08:41  [INFO    ]  vdb_ui.api           │ ← GET /api/logs/latest → 200 (5.4 ms)
2026-08-04 14:08:45  [INFO    ]  vdb_ui.api           │ → GET /api/logs/latest
2026-08-04 14:08:45  [INFO    ]  vdb_ui.api           │ ← GET /api/logs/latest → 200 (1.5 ms)
2026-08-04 14:08:47  [INFO    ]  vdb_ui.api           │ → GET /api/health
2026-08-04 14:08:47  [INFO    ]  vdb_ui.api           │ ← GET /api/health → 200 (0.9 ms)
2026-08-04 14:08:48  [INFO    ]  vdb_ui.api           │ → GET /api/logs/latest
2026-08-04 14:08:48  [INFO    ]  vdb_ui.api           │ ← GET /api/logs/latest → 200 (2.6 ms)
2026-08-04 14:08:51  [INFO    ]  vdb_ui.api           │ → GET /api/logs/latest
2026-08-04 14:08:51  [INFO    ]  vdb_ui.api           │ ← GET /api/logs/latest → 200 (2.7 ms)
2026-08-04 14:08:54  [INFO    ]  vdb_ui.api           │ → GET /api/logs/latest
2026-08-04 14:08:54  [INFO    ]  vdb_ui.api           │ ← GET /api/logs/latest → 200 (2.3 ms)
2026-08-04 14:08:57  [INFO    ]  vdb_ui.api           │ → GET /api/health
2026-08-04 14:08:57  [INFO    ]  vdb_ui.api           │ ← GET /api/health → 200 (1.0 ms)
2026-08-04 14:08:57  [INFO    ]  vdb_ui.api           │ → GET /api/logs/latest
2026-08-04 14:08:57  [INFO    ]  vdb_ui.api           │ ← GET /api/logs/latest → 200 (2.1 ms)
2026-08-04 14:09:00  [INFO    ]  vdb_ui.api           │ → GET /api/logs/latest
2026-08-04 14:09:00  [INFO    ]  vdb_ui.api           │ ← GET /api/logs/latest → 200 (2.5 ms)
2026-08-04 14:09:03  [INFO    ]  vdb_ui.api           │ → GET /api/logs/latest
2026-08-04 14:09:03  [INFO    ]  vdb_ui.api           │ ← GET /api/logs/latest → 200 (1.6 ms)
2026-08-04 14:09:06  [INFO    ]  vdb_ui.api           │ → GET /api/logs/latest
2026-08-04 14:09:06  [INFO    ]  vdb_ui.api           │ ← GET /api/logs/latest → 200 (2.7 ms)
2026-08-04 14:09:07  [INFO    ]  vdb_ui.api           │ → GET /api/health
2026-08-04 14:09:07  [INFO    ]  vdb_ui.api           │ ← GET /api/health → 200 (1.4 ms)
2026-08-04 14:09:09  [INFO    ]  vdb_ui.api           │ → GET /api/logs/latest
2026-08-04 14:09:09  [INFO    ]  vdb_ui.api           │ ← GET /api/logs/latest → 200 (2.3 ms)
2026-08-04 14:09:12  [INFO    ]  vdb_ui.api           │ → GET /api/logs/latest
2026-08-04 14:09:12  [INFO    ]  vdb_ui.api           │ ← GET /api/logs/latest → 200 (2.5 ms)
2026-08-04 14:09:15  [INFO    ]  vdb_ui.api           │ → GET /api/logs/latest
2026-08-04 14:09:15  [INFO    ]  vdb_ui.api           │ ← GET /api/logs/latest → 200 (1.7 ms)
2026-08-04 14:09:17  [INFO    ]  vdb_ui.api           │ → GET /api/health
2026-08-04 14:09:17  [INFO    ]  vdb_ui.api           │ ← GET /api/health → 200 (1.2 ms)
2026-08-04 14:09:18  [INFO    ]  vdb_ui.api           │ → GET /api/logs/latest
2026-08-04 14:09:18  [INFO    ]  vdb_ui.api           │ ← GET /api/logs/latest → 200 (2.9 ms)
2026-08-04 14:09:21  [INFO    ]  vdb_ui.api           │ → GET /api/logs/latest
2026-08-04 14:09:21  [INFO    ]  vdb_ui.api           │ ← GET /api/logs/latest → 200 (2.4 ms)
2026-08-04 14:09:24  [INFO    ]  vdb_ui.api           │ → GET /api/logs/latest
2026-08-04 14:09:24  [INFO    ]  vdb_ui.api           │ ← GET /api/logs/latest → 200 (2.1 ms)
2026-08-04 14:09:27  [INFO    ]  vdb_ui.api           │ → GET /api/health
2026-08-04 14:09:27  [INFO    ]  vdb_ui.api           │ ← GET /api/health → 200 (1.3 ms)
2026-08-04 14:09:27  [INFO    ]  vdb_ui.api           │ → GET /api/logs/latest
2026-08-04 14:09:27  [INFO    ]  vdb_ui.api           │ ← GET /api/logs/latest → 200 (1.8 ms)
2026-08-04 14:09:30  [INFO    ]  vdb_ui.api           │ → GET /api/logs/latest
2026-08-04 14:09:30  [INFO    ]  vdb_ui.api           │ ← GET /api/logs/latest → 200 (3.2 ms)
2026-08-04 14:09:33  [INFO    ]  vdb_ui.api           │ → GET /api/logs/latest
2026-08-04 14:09:33  [INFO    ]  vdb_ui.api           │ ← GET /api/logs/latest → 200 (1.8 ms)
2026-08-04 14:09:36  [INFO    ]  vdb_ui.api           │ → GET /api/logs/latest
2026-08-04 14:09:36  [INFO    ]  vdb_ui.api           │ ← GET /api/logs/latest → 200 (2.7 ms)
2026-08-04 14:09:37  [INFO    ]  vdb_ui.api           │ → GET /api/health
2026-08-04 14:09:37  [INFO    ]  vdb_ui.api           │ ← GET /api/health → 200 (2.0 ms)
2026-08-04 14:09:39  [INFO    ]  vdb_ui.api           │ → GET /api/logs/latest
2026-08-04 14:09:39  [INFO    ]  vdb_ui.api           │ ← GET /api/logs/latest → 200 (2.4 ms)
2026-08-04 14:09:57  [INFO    ]  vdb_ui.api           │ → GET /api/logs/latest
2026-08-04 14:09:57  [INFO    ]  vdb_ui.api           │ → GET /api/health
2026-08-04 14:09:57  [INFO    ]  vdb_ui.api           │ ← GET /api/health → 200 (2.6 ms)
2026-08-04 14:09:57  [INFO    ]  vdb_ui.api           │ ← GET /api/logs/latest → 200 (5.4 ms)
2026-08-04 14:09:59  [INFO    ]  vdb_ui.api           │ → GET /api/logs/latest
2026-08-04 14:09:59  [INFO    ]  vdb_ui.api           │ ← GET /api/logs/latest → 200 (6.5 ms)
2026-08-04 14:10:02  [INFO    ]  vdb_ui.api           │ → GET /api/logs/latest
2026-08-04 14:10:02  [INFO    ]  vdb_ui.api           │ ← GET /api/logs/latest → 200 (3.2 ms)
2026-08-04 14:10:05  [INFO    ]  vdb_ui.api           │ → GET /api/logs/latest
2026-08-04 14:10:05  [INFO    ]  vdb_ui.api           │ ← GET /api/logs/latest → 200 (4.3 ms)
2026-08-04 14:10:07  [INFO    ]  vdb_ui.api           │ → GET /api/health
2026-08-04 14:10:07  [INFO    ]  vdb_ui.api           │ ← GET /api/health → 200 (1.7 ms)
2026-08-04 14:10:09  [INFO    ]  vdb_ui.api           │ → GET /api/logs/latest
2026-08-04 14:10:09  [INFO    ]  vdb_ui.api           │ ← GET /api/logs/latest → 200 (3.2 ms)
2026-08-04 14:10:12  [INFO    ]  vdb_ui.api           │ → GET /api/logs/latest
2026-08-04 14:10:12  [INFO    ]  vdb_ui.api           │ ← GET /api/logs/latest → 200 (1.6 ms)
2026-08-04 14:10:15  [INFO    ]  vdb_ui.api           │ → GET /api/logs/latest
2026-08-04 14:10:15  [INFO    ]  vdb_ui.api           │ ← GET /api/logs/latest → 200 (2.9 ms)
2026-08-04 14:10:17  [INFO    ]  vdb_ui.api           │ → GET /api/health
2026-08-04 14:10:17  [INFO    ]  vdb_ui.api           │ ← GET /api/health → 200 (1.7 ms)
2026-08-04 14:10:18  [INFO    ]  vdb_ui.api           │ → GET /api/logs/latest
2026-08-04 14:10:18  [INFO    ]  vdb_ui.api           │ ← GET /api/logs/latest → 200 (2.8 ms)
2026-08-04 14:10:21  [INFO    ]  vdb_ui.api           │ → GET /api/logs/latest
2026-08-04 14:10:21  [INFO    ]  vdb_ui.api           │ ← GET /api/logs/latest → 200 (2.7 ms)
2026-08-04 14:10:24  [INFO    ]  vdb_ui.api           │ → GET /api/logs/latest
2026-08-04 14:10:24  [INFO    ]  vdb_ui.api           │ ← GET /api/logs/latest → 200 (2.0 ms)
2026-08-04 14:10:27  [INFO    ]  vdb_ui.api           │ → GET /api/health
2026-08-04 14:10:27  [INFO    ]  vdb_ui.api           │ → GET /api/logs/latest
2026-08-04 14:10:27  [INFO    ]  vdb_ui.api           │ ← GET /api/health → 200 (3.4 ms)
2026-08-04 14:10:27  [INFO    ]  vdb_ui.api           │ ← GET /api/logs/latest → 200 (3.2 ms)
2026-08-04 14:10:30  [INFO    ]  vdb_ui.api           │ → GET /api/logs/latest
2026-08-04 14:10:30  [INFO    ]  vdb_ui.api           │ ← GET /api/logs/latest → 200 (1.9 ms)
2026-08-04 14:10:33  [INFO    ]  vdb_ui.api           │ → GET /api/logs/latest
2026-08-04 14:10:33  [INFO    ]  vdb_ui.api           │ ← GET /api/logs/latest → 200 (2.5 ms)
2026-08-04 14:10:36  [INFO    ]  vdb_ui.api           │ → GET /api/logs/latest
2026-08-04 14:10:36  [INFO    ]  vdb_ui.api           │ ← GET /api/logs/latest → 200 (2.1 ms)
2026-08-04 14:10:37  [INFO    ]  vdb_ui.api           │ → GET /api/health
2026-08-04 14:10:37  [INFO    ]  vdb_ui.api           │ ← GET /api/health → 200 (1.5 ms)
2026-08-04 14:10:39  [INFO    ]  vdb_ui.api           │ → GET /api/logs/latest
2026-08-04 14:10:39  [INFO    ]  vdb_ui.api           │ ← GET /api/logs/latest → 200 (2.5 ms)
2026-08-04 14:10:42  [INFO    ]  vdb_ui.api           │ → GET /api/logs/latest
2026-08-04 14:10:42  [INFO    ]  vdb_ui.api           │ ← GET /api/logs/latest → 200 (2.8 ms)
2026-08-04 14:10:45  [INFO    ]  vdb_ui.api           │ → GET /api/logs/latest
2026-08-04 14:10:45  [INFO    ]  vdb_ui.api           │ ← GET /api/logs/latest → 200 (1.8 ms)
2026-08-04 14:10:47  [INFO    ]  vdb_ui.api           │ → GET /api/health
2026-08-04 14:10:47  [INFO    ]  vdb_ui.api           │ ← GET /api/health → 200 (1.7 ms)
2026-08-04 14:10:48  [INFO    ]  vdb_ui.api           │ → GET /api/logs/latest
2026-08-04 14:10:48  [INFO    ]  vdb_ui.api           │ ← GET /api/logs/latest → 200 (1.4 ms)
2026-08-04 14:10:51  [INFO    ]  vdb_ui.api           │ → GET /api/logs/latest
2026-08-04 14:10:51  [INFO    ]  vdb_ui.api           │ ← GET /api/logs/latest → 200 (1.7 ms)
2026-08-04 14:10:54  [INFO    ]  vdb_ui.api           │ → GET /api/logs/latest
2026-08-04 14:10:54  [INFO    ]  vdb_ui.api           │ ← GET /api/logs/latest → 200 (1.7 ms)
2026-08-04 14:10:57  [INFO    ]  vdb_ui.api           │ → GET /api/health
2026-08-04 14:10:57  [INFO    ]  vdb_ui.api           │ ← GET /api/health → 200 (1.4 ms)
2026-08-04 14:10:57  [INFO    ]  vdb_ui.api           │ → GET /api/logs/latest
2026-08-04 14:10:57  [INFO    ]  vdb_ui.api           │ ← GET /api/logs/latest → 200 (2.5 ms)
2026-08-04 14:11:00  [INFO    ]  vdb_ui.api           │ → GET /api/logs/latest
2026-08-04 14:11:00  [INFO    ]  vdb_ui.api           │ ← GET /api/logs/latest → 200 (4.4 ms)
2026-08-04 14:11:03  [INFO    ]  vdb_ui.api           │ → GET /api/logs/latest
2026-08-04 14:11:03  [INFO    ]  vdb_ui.api           │ ← GET /api/logs/latest → 200 (3.1 ms)
2026-08-04 14:11:09  [INFO    ]  vdb_ui.api           │ → GET /api/logs/latest
2026-08-04 14:11:09  [INFO    ]  vdb_ui.api           │ ← GET /api/logs/latest → 200 (2.9 ms)
2026-08-04 14:11:09  [INFO    ]  vdb_ui.api           │ → GET /api/health
2026-08-04 14:11:09  [INFO    ]  vdb_ui.api           │ ← GET /api/health → 200 (1.8 ms)
2026-08-04 14:12:09  [INFO    ]  vdb_ui.api           │ → GET /api/logs/latest
2026-08-04 14:12:09  [INFO    ]  vdb_ui.api           │ ← GET /api/logs/latest → 200 (2.9 ms)
2026-08-04 14:12:09  [INFO    ]  vdb_ui.api           │ → GET /api/health
2026-08-04 14:12:09  [INFO    ]  vdb_ui.api           │ ← GET /api/health → 200 (1.4 ms)
2026-08-04 14:13:09  [INFO    ]  vdb_ui.api           │ → GET /api/logs/latest
2026-08-04 14:13:09  [INFO    ]  vdb_ui.api           │ ← GET /api/logs/latest → 200 (4.2 ms)
2026-08-04 14:13:09  [INFO    ]  vdb_ui.api           │ → GET /api/health
2026-08-04 14:13:09  [INFO    ]  vdb_ui.api           │ ← GET /api/health → 200 (1.4 ms)
2026-08-04 14:14:09  [INFO    ]  vdb_ui.api           │ → GET /api/logs/latest
2026-08-04 14:14:09  [INFO    ]  vdb_ui.api           │ ← GET /api/logs/latest → 200 (2.8 ms)
2026-08-04 14:14:09  [INFO    ]  vdb_ui.api           │ → GET /api/health
2026-08-04 14:14:09  [INFO    ]  vdb_ui.api           │ ← GET /api/health → 200 (1.0 ms)
2026-08-04 14:15:09  [INFO    ]  vdb_ui.api           │ → GET /api/logs/latest
2026-08-04 14:15:09  [INFO    ]  vdb_ui.api           │ ← GET /api/logs/latest → 200 (3.4 ms)
2026-08-04 14:15:09  [INFO    ]  vdb_ui.api           │ → GET /api/health
2026-08-04 14:15:09  [INFO    ]  vdb_ui.api           │ ← GET /api/health → 200 (1.4 ms)
2026-08-04 14:16:09  [INFO    ]  vdb_ui.api           │ → GET /api/logs/latest
2026-08-04 14:16:09  [INFO    ]  vdb_ui.api           │ ← GET /api/logs/latest → 200 (3.2 ms)
2026-08-04 14:16:09  [INFO    ]  vdb_ui.api           │ → GET /api/health
2026-08-04 14:16:09  [INFO    ]  vdb_ui.api           │ ← GET /api/health → 200 (1.3 ms)
2026-08-04 14:16:36  [INFO    ]  vdb_ui.api           │ ======================================================================
2026-08-04 14:16:36  [INFO    ]  vdb_ui.api           │ Vector DB Showdown UI — starting up
2026-08-04 14:16:36  [INFO    ]  vdb_ui.api           │ Engine dir     : C:\AI Agent study\VectorDB_Showdown
2026-08-04 14:16:36  [INFO    ]  vdb_ui.api           │ Engine log file: C:\AI Agent study\VectorDB_Showdown\logs\vectordb_showdown_2026-08-04.log
2026-08-04 14:16:36  [INFO    ]  vdb_ui.api           │ ======================================================================
2026-08-04 14:16:37  [INFO    ]  vdb_ui.api           │ ======================================================================
2026-08-04 14:16:37  [INFO    ]  vdb_ui.api           │ Vector DB Showdown UI — starting up
2026-08-04 14:16:37  [INFO    ]  vdb_ui.api           │ Engine dir     : C:\AI Agent study\VectorDB_Showdown
2026-08-04 14:16:37  [INFO    ]  vdb_ui.api           │ Engine log file: C:\AI Agent study\VectorDB_Showdown\logs\vectordb_showdown_2026-08-04.log
2026-08-04 14:16:37  [INFO    ]  vdb_ui.api           │ ======================================================================
2026-08-04 14:16:45  [INFO    ]  vdb_ui.api           │ ======================================================================
2026-08-04 14:16:45  [INFO    ]  vdb_ui.api           │ Vector DB Showdown UI — starting up
2026-08-04 14:16:45  [INFO    ]  vdb_ui.api           │ Engine dir     : C:\AI Agent study\VectorDB_Showdown
2026-08-04 14:16:45  [INFO    ]  vdb_ui.api           │ Engine log file: C:\AI Agent study\VectorDB_Showdown\logs\vectordb_showdown_2026-08-04.log
2026-08-04 14:16:45  [INFO    ]  vdb_ui.api           │ ======================================================================
2026-08-04 14:16:52  [INFO    ]  vdb_ui.api           │ ======================================================================
2026-08-04 14:16:52  [INFO    ]  vdb_ui.api           │ Vector DB Showdown UI — starting up
2026-08-04 14:16:52  [INFO    ]  vdb_ui.api           │ Engine dir     : C:\AI Agent study\VectorDB_Showdown
2026-08-04 14:16:52  [INFO    ]  vdb_ui.api           │ Engine log file: C:\AI Agent study\VectorDB_Showdown\logs\vectordb_showdown_2026-08-04.log
2026-08-04 14:16:52  [INFO    ]  vdb_ui.api           │ ======================================================================
2026-08-04 14:17:31  [INFO    ]  vdb_ui.api           │ ======================================================================
2026-08-04 14:17:31  [INFO    ]  vdb_ui.api           │ Vector DB Showdown UI — starting up
2026-08-04 14:17:31  [INFO    ]  vdb_ui.api           │ Engine dir     : C:\AI Agent study\VectorDB_Showdown
2026-08-04 14:17:31  [INFO    ]  vdb_ui.api           │ Engine log file: C:\AI Agent study\VectorDB_Showdown\logs\vectordb_showdown_2026-08-04.log
2026-08-04 14:17:31  [INFO    ]  vdb_ui.api           │ ======================================================================
2026-08-04 14:45:55  [INFO    ]  vdb_ui.api           │ → GET /api/logs/latest
2026-08-04 14:45:55  [INFO    ]  vdb_ui.api           │ → GET /api/health
2026-08-04 14:45:55  [INFO    ]  vdb_ui.api           │ ← GET /api/health → 200 (63.4 ms)
2026-08-04 14:45:55  [INFO    ]  vdb_ui.api           │ ← GET /api/logs/latest → 200 (98.8 ms)
2026-08-04 14:45:56  [INFO    ]  vdb_ui.api           │ → GET /api/health
2026-08-04 14:45:56  [INFO    ]  vdb_ui.api           │ → GET /api/logs/latest
2026-08-04 14:45:56  [INFO    ]  vdb_ui.api           │ ← GET /api/health → 200 (6.2 ms)
2026-08-04 14:45:56  [INFO    ]  vdb_ui.api           │ ← GET /api/logs/latest → 200 (10.1 ms)
2026-08-04 14:46:00  [INFO    ]  vdb_ui.api           │ → GET /api/logs/latest
2026-08-04 14:46:00  [INFO    ]  vdb_ui.api           │ ← GET /api/logs/latest → 200 (7.4 ms)
2026-08-04 14:46:03  [INFO    ]  vdb_ui.api           │ → GET /api/logs/latest
2026-08-04 14:46:03  [INFO    ]  vdb_ui.api           │ ← GET /api/logs/latest → 200 (5.4 ms)
2026-08-04 14:46:06  [INFO    ]  vdb_ui.api           │ → GET /api/logs/latest
2026-08-04 14:46:06  [INFO    ]  vdb_ui.api           │ ← GET /api/logs/latest → 200 (4.7 ms)
2026-08-04 14:46:07  [INFO    ]  vdb_ui.api           │ → GET /api/health
2026-08-04 14:46:07  [INFO    ]  vdb_ui.api           │ ← GET /api/health → 200 (5.4 ms)
2026-08-04 14:46:09  [INFO    ]  vdb_ui.api           │ → GET /api/logs/latest
2026-08-04 14:46:09  [INFO    ]  vdb_ui.api           │ ← GET /api/logs/latest → 200 (10.8 ms)
2026-08-04 14:46:12  [INFO    ]  vdb_ui.api           │ → GET /api/logs/latest
2026-08-04 14:46:12  [INFO    ]  vdb_ui.api           │ ← GET /api/logs/latest → 200 (6.2 ms)
2026-08-04 14:46:15  [INFO    ]  vdb_ui.api           │ → GET /api/logs/latest
2026-08-04 14:46:15  [INFO    ]  vdb_ui.api           │ ← GET /api/logs/latest → 200 (7.3 ms)
2026-08-04 14:46:17  [INFO    ]  vdb_ui.api           │ → GET /api/health
2026-08-04 14:46:17  [INFO    ]  vdb_ui.api           │ ← GET /api/health → 200 (2.9 ms)
2026-08-04 14:46:18  [INFO    ]  vdb_ui.api           │ → GET /api/logs/latest
2026-08-04 14:46:18  [INFO    ]  vdb_ui.api           │ ← GET /api/logs/latest → 200 (5.4 ms)
2026-08-04 14:46:21  [INFO    ]  vdb_ui.api           │ → GET /api/logs/latest
2026-08-04 14:46:21  [INFO    ]  vdb_ui.api           │ ← GET /api/logs/latest → 200 (7.0 ms)
2026-08-04 14:46:24  [INFO    ]  vdb_ui.api           │ → GET /api/logs/latest
2026-08-04 14:46:24  [INFO    ]  vdb_ui.api           │ ← GET /api/logs/latest → 200 (8.0 ms)
2026-08-04 14:46:27  [INFO    ]  vdb_ui.api           │ → GET /api/health
2026-08-04 14:46:27  [INFO    ]  vdb_ui.api           │ → GET /api/logs/latest
2026-08-04 14:46:27  [INFO    ]  vdb_ui.api           │ ← GET /api/health → 200 (4.9 ms)
2026-08-04 14:46:27  [INFO    ]  vdb_ui.api           │ ← GET /api/logs/latest → 200 (12.2 ms)
2026-08-04 14:46:30  [INFO    ]  vdb_ui.api           │ → GET /api/logs/latest
2026-08-04 14:46:30  [INFO    ]  vdb_ui.api           │ ← GET /api/logs/latest → 200 (8.4 ms)
2026-08-04 14:46:33  [INFO    ]  vdb_ui.api           │ → GET /api/logs/latest
2026-08-04 14:46:33  [INFO    ]  vdb_ui.api           │ ← GET /api/logs/latest → 200 (10.2 ms)
2026-08-04 14:46:36  [INFO    ]  vdb_ui.api           │ → GET /api/logs/latest
2026-08-04 14:46:36  [INFO    ]  vdb_ui.api           │ ← GET /api/logs/latest → 200 (7.2 ms)
2026-08-04 14:46:37  [INFO    ]  vdb_ui.api           │ → GET /api/health
2026-08-04 14:46:37  [INFO    ]  vdb_ui.api           │ ← GET /api/health → 200 (3.2 ms)
2026-08-04 14:46:39  [INFO    ]  vdb_ui.api           │ → GET /api/logs/latest
2026-08-04 14:46:39  [INFO    ]  vdb_ui.api           │ ← GET /api/logs/latest → 200 (11.6 ms)
2026-08-04 14:46:42  [INFO    ]  vdb_ui.api           │ → GET /api/logs/latest
2026-08-04 14:46:42  [INFO    ]  vdb_ui.api           │ ← GET /api/logs/latest → 200 (4.0 ms)
2026-08-04 14:46:45  [INFO    ]  vdb_ui.api           │ → GET /api/logs/latest
2026-08-04 14:46:45  [INFO    ]  vdb_ui.api           │ ← GET /api/logs/latest → 200 (58.8 ms)
2026-08-04 14:46:47  [INFO    ]  vdb_ui.api           │ → GET /api/health
2026-08-04 14:46:47  [INFO    ]  vdb_ui.api           │ ← GET /api/health → 200 (9.7 ms)
2026-08-04 14:46:48  [INFO    ]  vdb_ui.api           │ → GET /api/logs/latest
2026-08-04 14:46:48  [INFO    ]  vdb_ui.api           │ ← GET /api/logs/latest → 200 (32.2 ms)
2026-08-04 14:46:51  [INFO    ]  vdb_ui.api           │ → GET /api/logs/latest
2026-08-04 14:46:51  [INFO    ]  vdb_ui.api           │ ← GET /api/logs/latest → 200 (7.7 ms)
2026-08-04 14:46:54  [INFO    ]  vdb_ui.api           │ → GET /api/logs/latest
2026-08-04 14:46:54  [INFO    ]  vdb_ui.api           │ ← GET /api/logs/latest → 200 (6.1 ms)
2026-08-04 14:46:57  [INFO    ]  vdb_ui.api           │ → GET /api/health
2026-08-04 14:46:57  [INFO    ]  vdb_ui.api           │ ← GET /api/health → 200 (6.3 ms)
2026-08-04 14:46:57  [INFO    ]  vdb_ui.api           │ → GET /api/logs/latest
2026-08-04 14:46:57  [INFO    ]  vdb_ui.api           │ ← GET /api/logs/latest → 200 (5.6 ms)
2026-08-04 14:46:59  [INFO    ]  vdb_ui.api           │ → GET /api/logs/latest
2026-08-04 14:46:59  [INFO    ]  vdb_ui.api           │ ← GET /api/logs/latest → 200 (5.8 ms)
2026-08-04 14:47:02  [INFO    ]  vdb_ui.api           │ → GET /api/logs/latest
2026-08-04 14:47:02  [INFO    ]  vdb_ui.api           │ ← GET /api/logs/latest → 200 (5.2 ms)
2026-08-04 14:47:03  [INFO    ]  vdb_ui.api           │ → GET /api/health
2026-08-04 14:47:03  [INFO    ]  vdb_ui.api           │ ← GET /api/health → 200 (4.3 ms)
2026-08-04 14:47:03  [INFO    ]  vdb_ui.api           │ → GET /api/case-studies
2026-08-04 14:47:03  [INFO    ]  vdb_ui.api           │ ← GET /api/case-studies → 200 (6.4 ms)
2026-08-04 14:47:03  [INFO    ]  vdb_ui.api           │ → GET /api/logs/latest
2026-08-04 14:47:03  [INFO    ]  vdb_ui.api           │ ← GET /api/logs/latest → 200 (7.3 ms)
2026-08-04 14:47:06  [INFO    ]  vdb_ui.api           │ → GET /api/logs/latest
2026-08-04 14:47:06  [INFO    ]  vdb_ui.api           │ ← GET /api/logs/latest → 200 (5.9 ms)
2026-08-04 14:47:09  [INFO    ]  vdb_ui.api           │ → GET /api/logs/latest
2026-08-04 14:47:09  [INFO    ]  vdb_ui.api           │ ← GET /api/logs/latest → 200 (8.4 ms)
2026-08-04 14:47:12  [INFO    ]  vdb_ui.api           │ → GET /api/logs/latest
2026-08-04 14:47:12  [INFO    ]  vdb_ui.api           │ ← GET /api/logs/latest → 200 (4.3 ms)
2026-08-04 14:47:13  [INFO    ]  vdb_ui.api           │ → GET /api/health
2026-08-04 14:47:13  [INFO    ]  vdb_ui.api           │ ← GET /api/health → 200 (2.5 ms)
2026-08-04 14:47:15  [INFO    ]  vdb_ui.api           │ → GET /api/logs/latest
2026-08-04 14:47:15  [INFO    ]  vdb_ui.api           │ ← GET /api/logs/latest → 200 (4.2 ms)
2026-08-04 14:47:18  [INFO    ]  vdb_ui.api           │ → GET /api/logs/latest
2026-08-04 14:47:18  [INFO    ]  vdb_ui.api           │ ← GET /api/logs/latest → 200 (5.0 ms)
2026-08-04 14:47:21  [INFO    ]  vdb_ui.api           │ → GET /api/logs/latest
2026-08-04 14:47:21  [INFO    ]  vdb_ui.api           │ ← GET /api/logs/latest → 200 (3.4 ms)
2026-08-04 14:47:23  [INFO    ]  vdb_ui.api           │ → GET /api/health
2026-08-04 14:47:23  [INFO    ]  vdb_ui.api           │ ← GET /api/health → 200 (3.1 ms)
2026-08-04 14:47:24  [INFO    ]  vdb_ui.api           │ → GET /api/logs/latest
2026-08-04 14:47:24  [INFO    ]  vdb_ui.api           │ ← GET /api/logs/latest → 200 (4.7 ms)
2026-08-04 14:47:27  [INFO    ]  vdb_ui.api           │ → GET /api/logs/latest
2026-08-04 14:47:27  [INFO    ]  vdb_ui.api           │ ← GET /api/logs/latest → 200 (4.4 ms)
2026-08-04 14:47:30  [INFO    ]  vdb_ui.api           │ → GET /api/logs/latest
2026-08-04 14:47:30  [INFO    ]  vdb_ui.api           │ ← GET /api/logs/latest → 200 (5.1 ms)
2026-08-04 14:47:33  [INFO    ]  vdb_ui.api           │ → GET /api/health
2026-08-04 14:47:33  [INFO    ]  vdb_ui.api           │ → GET /api/logs/latest
2026-08-04 14:47:33  [INFO    ]  vdb_ui.api           │ ← GET /api/health → 200 (28.4 ms)
2026-08-04 14:47:33  [INFO    ]  vdb_ui.api           │ ← GET /api/logs/latest → 200 (6.1 ms)
2026-08-04 14:47:36  [INFO    ]  vdb_ui.api           │ → GET /api/logs/latest
2026-08-04 14:47:36  [INFO    ]  vdb_ui.api           │ ← GET /api/logs/latest → 200 (5.2 ms)
2026-08-04 14:47:39  [INFO    ]  vdb_ui.api           │ → GET /api/logs/latest
2026-08-04 14:47:39  [INFO    ]  vdb_ui.api           │ ← GET /api/logs/latest → 200 (4.3 ms)
2026-08-04 14:47:42  [INFO    ]  vdb_ui.api           │ → GET /api/logs/latest
2026-08-04 14:47:42  [INFO    ]  vdb_ui.api           │ ← GET /api/logs/latest → 200 (4.6 ms)
2026-08-04 14:47:43  [INFO    ]  vdb_ui.api           │ → GET /api/health
2026-08-04 14:47:43  [INFO    ]  vdb_ui.api           │ ← GET /api/health → 200 (2.5 ms)
2026-08-04 14:47:45  [INFO    ]  vdb_ui.api           │ → GET /api/logs/latest
2026-08-04 14:47:45  [INFO    ]  vdb_ui.api           │ ← GET /api/logs/latest → 200 (8.4 ms)
2026-08-04 14:47:48  [INFO    ]  vdb_ui.api           │ → GET /api/logs/latest
2026-08-04 14:47:48  [INFO    ]  vdb_ui.api           │ ← GET /api/logs/latest → 200 (4.5 ms)
2026-08-04 14:47:51  [INFO    ]  vdb_ui.api           │ → GET /api/logs/latest
2026-08-04 14:47:51  [INFO    ]  vdb_ui.api           │ ← GET /api/logs/latest → 200 (4.8 ms)
2026-08-04 14:47:53  [INFO    ]  vdb_ui.api           │ → GET /api/health
2026-08-04 14:47:53  [INFO    ]  vdb_ui.api           │ ← GET /api/health → 200 (3.3 ms)
2026-08-04 14:47:54  [INFO    ]  vdb_ui.api           │ → GET /api/logs/latest
2026-08-04 14:47:54  [INFO    ]  vdb_ui.api           │ ← GET /api/logs/latest → 200 (5.0 ms)
2026-08-04 14:47:57  [INFO    ]  vdb_ui.api           │ → GET /api/logs/latest
2026-08-04 14:47:57  [INFO    ]  vdb_ui.api           │ ← GET /api/logs/latest → 200 (29.4 ms)
2026-08-04 14:48:00  [INFO    ]  vdb_ui.api           │ → GET /api/logs/latest
2026-08-04 14:48:00  [INFO    ]  vdb_ui.api           │ ← GET /api/logs/latest → 200 (7.3 ms)
2026-08-04 14:48:03  [INFO    ]  vdb_ui.api           │ → GET /api/health
2026-08-04 14:48:03  [INFO    ]  vdb_ui.api           │ ← GET /api/health → 200 (3.6 ms)
2026-08-04 14:48:03  [INFO    ]  vdb_ui.api           │ → GET /api/logs/latest
2026-08-04 14:48:03  [INFO    ]  vdb_ui.api           │ ← GET /api/logs/latest → 200 (9.4 ms)
2026-08-04 14:48:19  [INFO    ]  vdb_ui.api           │ → OPTIONS /api/clear
2026-08-04 14:48:19  [INFO    ]  vdb_ui.api           │ ← OPTIONS /api/clear → 200 (4.6 ms)
2026-08-04 14:48:19  [INFO    ]  vdb_ui.api           │ → GET /api/logs/latest
2026-08-04 14:48:19  [INFO    ]  vdb_ui.api           │ ← GET /api/logs/latest → 200 (4.3 ms)
2026-08-04 14:48:19  [INFO    ]  vdb_ui.api           │ → GET /api/health
2026-08-04 14:48:19  [INFO    ]  vdb_ui.api           │ ← GET /api/health → 200 (3.3 ms)
2026-08-04 14:48:19  [INFO    ]  vdb_ui.api           │ → POST /api/clear
2026-08-04 14:48:19  [INFO    ]  vdb_ui.api           │ ← POST /api/clear → 200 (96.8 ms)
2026-08-04 14:48:21  [INFO    ]  vdb_ui.api           │ → GET /api/logs/latest
2026-08-04 14:48:21  [INFO    ]  vdb_ui.api           │ ← GET /api/logs/latest → 200 (7.7 ms)
2026-08-04 14:48:23  [INFO    ]  vdb_ui.api           │ → GET /api/health
2026-08-04 14:48:23  [INFO    ]  vdb_ui.api           │ ← GET /api/health → 200 (3.0 ms)
2026-08-04 14:48:24  [INFO    ]  vdb_ui.api           │ → GET /api/logs/latest
2026-08-04 14:48:24  [INFO    ]  vdb_ui.api           │ ← GET /api/logs/latest → 200 (14.4 ms)
2026-08-04 14:48:27  [INFO    ]  vdb_ui.api           │ → GET /api/logs/latest
2026-08-04 14:48:27  [INFO    ]  vdb_ui.api           │ ← GET /api/logs/latest → 200 (10.0 ms)
2026-08-04 14:48:30  [INFO    ]  vdb_ui.api           │ → GET /api/logs/latest
2026-08-04 14:48:30  [INFO    ]  vdb_ui.api           │ ← GET /api/logs/latest → 200 (5.0 ms)
2026-08-04 14:48:33  [INFO    ]  vdb_ui.api           │ → GET /api/health
2026-08-04 14:48:33  [INFO    ]  vdb_ui.api           │ → GET /api/logs/latest
2026-08-04 14:48:33  [INFO    ]  vdb_ui.api           │ ← GET /api/health → 200 (6.4 ms)
2026-08-04 14:48:33  [INFO    ]  vdb_ui.api           │ ← GET /api/logs/latest → 200 (12.1 ms)
2026-08-04 14:48:36  [INFO    ]  vdb_ui.api           │ → GET /api/logs/latest
2026-08-04 14:48:36  [INFO    ]  vdb_ui.api           │ ← GET /api/logs/latest → 200 (5.4 ms)
2026-08-04 14:48:39  [INFO    ]  vdb_ui.api           │ → GET /api/logs/latest
2026-08-04 14:48:39  [INFO    ]  vdb_ui.api           │ ← GET /api/logs/latest → 200 (5.0 ms)
2026-08-04 14:48:42  [INFO    ]  vdb_ui.api           │ → GET /api/logs/latest
2026-08-04 14:48:42  [INFO    ]  vdb_ui.api           │ ← GET /api/logs/latest → 200 (31.9 ms)
2026-08-04 14:48:43  [INFO    ]  vdb_ui.api           │ → GET /api/health
2026-08-04 14:48:43  [INFO    ]  vdb_ui.api           │ ← GET /api/health → 200 (3.2 ms)
2026-08-04 14:48:45  [INFO    ]  vdb_ui.api           │ → GET /api/logs/latest
2026-08-04 14:48:45  [INFO    ]  vdb_ui.api           │ ← GET /api/logs/latest → 200 (5.4 ms)
2026-08-04 14:48:48  [INFO    ]  vdb_ui.api           │ → GET /api/logs/latest
2026-08-04 14:48:48  [INFO    ]  vdb_ui.api           │ ← GET /api/logs/latest → 200 (9.0 ms)
2026-08-04 14:48:51  [INFO    ]  vdb_ui.api           │ → GET /api/logs/latest
2026-08-04 14:48:51  [INFO    ]  vdb_ui.api           │ ← GET /api/logs/latest → 200 (5.5 ms)
2026-08-04 14:48:53  [INFO    ]  vdb_ui.api           │ → GET /api/health
2026-08-04 14:48:53  [INFO    ]  vdb_ui.api           │ ← GET /api/health → 200 (2.6 ms)
2026-08-04 14:48:54  [INFO    ]  vdb_ui.api           │ → GET /api/logs/latest
2026-08-04 14:48:54  [INFO    ]  vdb_ui.api           │ ← GET /api/logs/latest → 200 (5.4 ms)
2026-08-04 14:48:57  [INFO    ]  vdb_ui.api           │ → GET /api/logs/latest
2026-08-04 14:48:57  [INFO    ]  vdb_ui.api           │ ← GET /api/logs/latest → 200 (5.7 ms)
2026-08-04 14:48:59  [INFO    ]  vdb_ui.api           │ → OPTIONS /api/query
2026-08-04 14:48:59  [INFO    ]  vdb_ui.api           │ ← OPTIONS /api/query → 200 (1.9 ms)
2026-08-04 14:48:59  [INFO    ]  vdb_ui.api           │ → POST /api/query
2026-08-04 14:49:00  [INFO    ]  vdb_ui.api           │ → GET /api/logs/latest
2026-08-04 14:49:00  [INFO    ]  vdb_ui.api           │ ← GET /api/logs/latest → 200 (7.6 ms)
2026-08-04 14:49:03  [INFO    ]  vdb_ui.api           │ → GET /api/health
2026-08-04 14:49:03  [INFO    ]  vdb_ui.api           │ → GET /api/logs/latest
2026-08-04 14:49:03  [INFO    ]  vdb_ui.api           │ ← GET /api/health → 200 (6.0 ms)
2026-08-04 14:49:03  [INFO    ]  vdb_ui.api           │ ← GET /api/logs/latest → 200 (12.1 ms)
2026-08-04 14:49:06  [INFO    ]  vdb_ui.api           │ → GET /api/logs/latest
2026-08-04 14:49:06  [INFO    ]  vdb_ui.api           │ ← GET /api/logs/latest → 200 (4.7 ms)
2026-08-04 14:49:09  [INFO    ]  vdb_ui.api           │ → GET /api/logs/latest
2026-08-04 14:49:09  [INFO    ]  vdb_ui.api           │ ← GET /api/logs/latest → 200 (13.0 ms)
2026-08-04 14:49:12  [INFO    ]  vdb_ui.api           │ → GET /api/logs/latest
2026-08-04 14:49:12  [INFO    ]  vdb_ui.api           │ ← GET /api/logs/latest → 200 (6.0 ms)
2026-08-04 14:49:13  [INFO    ]  vdb_ui.api           │ → GET /api/health
2026-08-04 14:49:13  [INFO    ]  vdb_ui.api           │ ← GET /api/health → 200 (5.5 ms)
2026-08-04 14:49:13  [INFO    ]  vdb_ui.api           │ ← POST /api/query → 200 (14525.3 ms)
2026-08-04 14:49:15  [INFO    ]  vdb_ui.api           │ → GET /api/logs/latest
2026-08-04 14:49:15  [INFO    ]  vdb_ui.api           │ ← GET /api/logs/latest → 200 (6.4 ms)
2026-08-04 14:49:18  [INFO    ]  vdb_ui.api           │ → GET /api/logs/latest
2026-08-04 14:49:18  [INFO    ]  vdb_ui.api           │ ← GET /api/logs/latest → 200 (5.7 ms)
2026-08-04 14:49:21  [INFO    ]  vdb_ui.api           │ → GET /api/logs/latest
2026-08-04 14:49:21  [INFO    ]  vdb_ui.api           │ ← GET /api/logs/latest → 200 (4.7 ms)
2026-08-04 14:49:23  [INFO    ]  vdb_ui.api           │ → GET /api/health
2026-08-04 14:49:23  [INFO    ]  vdb_ui.api           │ ← GET /api/health → 200 (3.3 ms)
2026-08-04 14:49:24  [INFO    ]  vdb_ui.api           │ → GET /api/logs/latest
2026-08-04 14:49:24  [INFO    ]  vdb_ui.api           │ ← GET /api/logs/latest → 200 (5.0 ms)
2026-08-04 14:49:27  [INFO    ]  vdb_ui.api           │ → GET /api/logs/latest
2026-08-04 14:49:27  [INFO    ]  vdb_ui.api           │ ← GET /api/logs/latest → 200 (5.5 ms)
2026-08-04 14:49:30  [INFO    ]  vdb_ui.api           │ → GET /api/logs/latest
2026-08-04 14:49:30  [INFO    ]  vdb_ui.api           │ ← GET /api/logs/latest → 200 (6.3 ms)
2026-08-04 14:49:33  [INFO    ]  vdb_ui.api           │ → GET /api/health
2026-08-04 14:49:33  [INFO    ]  vdb_ui.api           │ ← GET /api/health → 200 (5.0 ms)
2026-08-04 14:49:33  [INFO    ]  vdb_ui.api           │ → GET /api/logs/latest
2026-08-04 14:49:33  [INFO    ]  vdb_ui.api           │ ← GET /api/logs/latest → 200 (5.7 ms)
2026-08-04 14:49:36  [INFO    ]  vdb_ui.api           │ → GET /api/logs/latest
2026-08-04 14:49:36  [INFO    ]  vdb_ui.api           │ ← GET /api/logs/latest → 200 (5.3 ms)
2026-08-04 14:49:39  [INFO    ]  vdb_ui.api           │ → GET /api/logs/latest
2026-08-04 14:49:39  [INFO    ]  vdb_ui.api           │ ← GET /api/logs/latest → 200 (5.5 ms)
2026-08-04 14:49:42  [INFO    ]  vdb_ui.api           │ → GET /api/logs/latest
2026-08-04 14:49:42  [INFO    ]  vdb_ui.api           │ ← GET /api/logs/latest → 200 (7.9 ms)
2026-08-04 14:49:43  [INFO    ]  vdb_ui.api           │ → GET /api/health
2026-08-04 14:49:43  [INFO    ]  vdb_ui.api           │ ← GET /api/health → 200 (3.4 ms)
2026-08-04 14:49:45  [INFO    ]  vdb_ui.api           │ → GET /api/logs/latest
2026-08-04 14:49:45  [INFO    ]  vdb_ui.api           │ ← GET /api/logs/latest → 200 (4.6 ms)
2026-08-04 14:49:48  [INFO    ]  vdb_ui.api           │ → GET /api/logs/latest
2026-08-04 14:49:48  [INFO    ]  vdb_ui.api           │ ← GET /api/logs/latest → 200 (4.9 ms)
2026-08-04 14:49:51  [INFO    ]  vdb_ui.api           │ → GET /api/logs/latest
2026-08-04 14:49:51  [INFO    ]  vdb_ui.api           │ ← GET /api/logs/latest → 200 (7.7 ms)
2026-08-04 14:49:53  [INFO    ]  vdb_ui.api           │ → GET /api/health
2026-08-04 14:49:53  [INFO    ]  vdb_ui.api           │ ← GET /api/health → 200 (2.4 ms)
2026-08-04 14:49:53  [INFO    ]  vdb_ui.api           │ → OPTIONS /api/build
2026-08-04 14:49:53  [INFO    ]  vdb_ui.api           │ ← OPTIONS /api/build → 200 (1.3 ms)
2026-08-04 14:49:53  [INFO    ]  vdb_ui.api           │ → POST /api/build
2026-08-04 14:49:54  [INFO    ]  vdb_ui.api           │ → GET /api/logs/latest
2026-08-04 14:49:54  [INFO    ]  vdb_ui.api           │ ← GET /api/logs/latest → 200 (5.8 ms)
2026-08-04 14:49:57  [INFO    ]  vdb_ui.api           │ → GET /api/logs/latest
2026-08-04 14:49:57  [INFO    ]  vdb_ui.api           │ ← GET /api/logs/latest → 200 (7.1 ms)
2026-08-04 14:49:59  [INFO    ]  vdb_ui.api           │ ← POST /api/build → 200 (6017.1 ms)
2026-08-04 14:50:00  [INFO    ]  vdb_ui.api           │ → GET /api/logs/latest
2026-08-04 14:50:00  [INFO    ]  vdb_ui.api           │ ← GET /api/logs/latest → 200 (4.6 ms)
2026-08-04 14:50:03  [INFO    ]  vdb_ui.api           │ → GET /api/health
2026-08-04 14:50:03  [INFO    ]  vdb_ui.api           │ ← GET /api/health → 200 (2.9 ms)
2026-08-04 14:50:03  [INFO    ]  vdb_ui.api           │ → GET /api/logs/latest
2026-08-04 14:50:03  [INFO    ]  vdb_ui.api           │ ← GET /api/logs/latest → 200 (6.1 ms)
2026-08-04 14:50:06  [INFO    ]  vdb_ui.api           │ → GET /api/logs/latest
2026-08-04 14:50:06  [INFO    ]  vdb_ui.api           │ ← GET /api/logs/latest → 200 (5.1 ms)
2026-08-04 14:50:09  [INFO    ]  vdb_ui.api           │ → GET /api/logs/latest
2026-08-04 14:50:09  [INFO    ]  vdb_ui.api           │ ← GET /api/logs/latest → 200 (5.4 ms)
2026-08-04 14:50:09  [INFO    ]  vdb_ui.api           │ → OPTIONS /api/query
2026-08-04 14:50:09  [INFO    ]  vdb_ui.api           │ ← OPTIONS /api/query → 200 (2.7 ms)
2026-08-04 14:50:09  [INFO    ]  vdb_ui.api           │ → POST /api/query
2026-08-04 14:50:11  [INFO    ]  vdb_ui.api           │ ← POST /api/query → 200 (2412.6 ms)
2026-08-04 14:50:12  [INFO    ]  vdb_ui.api           │ → GET /api/logs/latest
2026-08-04 14:50:12  [INFO    ]  vdb_ui.api           │ ← GET /api/logs/latest → 200 (4.7 ms)
2026-08-04 14:50:13  [INFO    ]  vdb_ui.api           │ → GET /api/health
2026-08-04 14:50:13  [INFO    ]  vdb_ui.api           │ ← GET /api/health → 200 (2.3 ms)
2026-08-04 14:50:15  [INFO    ]  vdb_ui.api           │ → GET /api/logs/latest
2026-08-04 14:50:15  [INFO    ]  vdb_ui.api           │ ← GET /api/logs/latest → 200 (5.8 ms)
2026-08-04 14:50:18  [INFO    ]  vdb_ui.api           │ → GET /api/logs/latest
2026-08-04 14:50:18  [INFO    ]  vdb_ui.api           │ ← GET /api/logs/latest → 200 (6.1 ms)
2026-08-04 14:50:21  [INFO    ]  vdb_ui.api           │ → GET /api/logs/latest
2026-08-04 14:50:21  [INFO    ]  vdb_ui.api           │ ← GET /api/logs/latest → 200 (5.3 ms)
2026-08-04 14:50:23  [INFO    ]  vdb_ui.api           │ → GET /api/health
2026-08-04 14:50:23  [INFO    ]  vdb_ui.api           │ ← GET /api/health → 200 (2.7 ms)
2026-08-04 14:50:24  [INFO    ]  vdb_ui.api           │ → GET /api/logs/latest
2026-08-04 14:50:24  [INFO    ]  vdb_ui.api           │ ← GET /api/logs/latest → 200 (6.8 ms)
2026-08-04 14:50:27  [INFO    ]  vdb_ui.api           │ → OPTIONS /api/clear
2026-08-04 14:50:27  [INFO    ]  vdb_ui.api           │ ← OPTIONS /api/clear → 200 (1.7 ms)
2026-08-04 14:50:27  [INFO    ]  vdb_ui.api           │ → POST /api/clear
2026-08-04 14:50:27  [INFO    ]  vdb_ui.api           │ ← POST /api/clear → 200 (20.3 ms)
2026-08-04 14:50:27  [INFO    ]  vdb_ui.api           │ → GET /api/logs/latest
2026-08-04 14:50:27  [INFO    ]  vdb_ui.api           │ ← GET /api/logs/latest → 200 (5.1 ms)
2026-08-04 14:50:30  [INFO    ]  vdb_ui.api           │ → GET /api/logs/latest
2026-08-04 14:50:30  [INFO    ]  vdb_ui.api           │ ← GET /api/logs/latest → 200 (5.6 ms)
2026-08-04 14:50:33  [INFO    ]  vdb_ui.api           │ → GET /api/health
2026-08-04 14:50:33  [INFO    ]  vdb_ui.api           │ → GET /api/logs/latest
2026-08-04 14:50:33  [INFO    ]  vdb_ui.api           │ ← GET /api/health → 200 (5.7 ms)
2026-08-04 14:50:33  [INFO    ]  vdb_ui.api           │ ← GET /api/logs/latest → 200 (13.6 ms)
2026-08-04 14:50:36  [INFO    ]  vdb_ui.api           │ → GET /api/logs/latest
2026-08-04 14:50:36  [INFO    ]  vdb_ui.api           │ ← GET /api/logs/latest → 200 (6.0 ms)
2026-08-04 14:50:38  [INFO    ]  vdb_ui.api           │ → OPTIONS /api/query
2026-08-04 14:50:38  [INFO    ]  vdb_ui.api           │ ← OPTIONS /api/query → 200 (1.7 ms)
2026-08-04 14:50:38  [INFO    ]  vdb_ui.api           │ → POST /api/query
2026-08-04 14:50:39  [INFO    ]  vdb_ui.api           │ → GET /api/logs/latest
2026-08-04 14:50:39  [INFO    ]  vdb_ui.api           │ ← GET /api/logs/latest → 200 (6.8 ms)
2026-08-04 14:50:42  [INFO    ]  vdb_ui.api           │ → GET /api/logs/latest
2026-08-04 14:50:42  [INFO    ]  vdb_ui.api           │ ← GET /api/logs/latest → 200 (21.2 ms)
2026-08-04 14:50:43  [INFO    ]  vdb_ui.api           │ → GET /api/health
2026-08-04 14:50:43  [INFO    ]  vdb_ui.api           │ ← GET /api/health → 200 (3.0 ms)
2026-08-04 14:50:44  [INFO    ]  vdb_ui.api           │ ← POST /api/query → 200 (6396.1 ms)
2026-08-04 14:50:45  [INFO    ]  vdb_ui.api           │ → GET /api/logs/latest
2026-08-04 14:50:45  [INFO    ]  vdb_ui.api           │ ← GET /api/logs/latest → 200 (5.1 ms)
2026-08-04 14:50:48  [INFO    ]  vdb_ui.api           │ → GET /api/logs/latest
2026-08-04 14:50:48  [INFO    ]  vdb_ui.api           │ ← GET /api/logs/latest → 200 (5.6 ms)
2026-08-04 14:50:51  [INFO    ]  vdb_ui.api           │ → GET /api/logs/latest
2026-08-04 14:50:51  [INFO    ]  vdb_ui.api           │ ← GET /api/logs/latest → 200 (9.3 ms)
2026-08-04 14:50:53  [INFO    ]  vdb_ui.api           │ → GET /api/health
2026-08-04 14:50:53  [INFO    ]  vdb_ui.api           │ ← GET /api/health → 200 (3.9 ms)
2026-08-04 14:50:54  [INFO    ]  vdb_ui.api           │ → GET /api/logs/latest
2026-08-04 14:50:54  [INFO    ]  vdb_ui.api           │ ← GET /api/logs/latest → 200 (10.5 ms)
2026-08-04 14:50:57  [INFO    ]  vdb_ui.api           │ → OPTIONS /api/query
2026-08-04 14:50:57  [INFO    ]  vdb_ui.api           │ ← OPTIONS /api/query → 200 (1.7 ms)
2026-08-04 14:50:57  [INFO    ]  vdb_ui.api           │ → POST /api/query
2026-08-04 14:50:57  [INFO    ]  vdb_ui.api           │ → GET /api/logs/latest
2026-08-04 14:50:57  [INFO    ]  vdb_ui.api           │ ← GET /api/logs/latest → 200 (7.2 ms)
2026-08-04 14:50:59  [INFO    ]  vdb_ui.api           │ ← POST /api/query → 200 (2790.2 ms)
2026-08-04 14:51:00  [INFO    ]  vdb_ui.api           │ → GET /api/logs/latest
2026-08-04 14:51:00  [INFO    ]  vdb_ui.api           │ ← GET /api/logs/latest → 200 (6.8 ms)
2026-08-04 14:51:03  [INFO    ]  vdb_ui.api           │ → GET /api/health
2026-08-04 14:51:03  [INFO    ]  vdb_ui.api           │ ← GET /api/health → 200 (2.9 ms)
2026-08-04 14:51:03  [INFO    ]  vdb_ui.api           │ → GET /api/logs/latest
2026-08-04 14:51:03  [INFO    ]  vdb_ui.api           │ ← GET /api/logs/latest → 200 (10.0 ms)
2026-08-04 14:51:06  [INFO    ]  vdb_ui.api           │ → GET /api/logs/latest
2026-08-04 14:51:06  [INFO    ]  vdb_ui.api           │ ← GET /api/logs/latest → 200 (5.6 ms)
2026-08-04 14:51:09  [INFO    ]  vdb_ui.api           │ → GET /api/logs/latest
2026-08-04 14:51:09  [INFO    ]  vdb_ui.api           │ ← GET /api/logs/latest → 200 (7.2 ms)
2026-08-04 14:51:12  [INFO    ]  vdb_ui.api           │ → GET /api/logs/latest
2026-08-04 14:51:12  [INFO    ]  vdb_ui.api           │ ← GET /api/logs/latest → 200 (5.3 ms)
2026-08-04 14:51:13  [INFO    ]  vdb_ui.api           │ → GET /api/health
2026-08-04 14:51:13  [INFO    ]  vdb_ui.api           │ ← GET /api/health → 200 (2.2 ms)
2026-08-04 14:51:15  [INFO    ]  vdb_ui.api           │ → GET /api/logs/latest
2026-08-04 14:51:15  [INFO    ]  vdb_ui.api           │ ← GET /api/logs/latest → 200 (5.2 ms)
2026-08-04 14:51:18  [INFO    ]  vdb_ui.api           │ → GET /api/logs/latest
2026-08-04 14:51:18  [INFO    ]  vdb_ui.api           │ ← GET /api/logs/latest → 200 (5.7 ms)
2026-08-04 14:51:21  [INFO    ]  vdb_ui.api           │ → GET /api/logs/latest
2026-08-04 14:51:21  [INFO    ]  vdb_ui.api           │ ← GET /api/logs/latest → 200 (5.8 ms)
2026-08-04 14:51:23  [INFO    ]  vdb_ui.api           │ → GET /api/health
2026-08-04 14:51:23  [INFO    ]  vdb_ui.api           │ ← GET /api/health → 200 (5.9 ms)
2026-08-04 14:51:24  [INFO    ]  vdb_ui.api           │ → GET /api/logs/latest
2026-08-04 14:51:24  [INFO    ]  vdb_ui.api           │ ← GET /api/logs/latest → 200 (5.4 ms)
2026-08-04 14:51:27  [INFO    ]  vdb_ui.api           │ → GET /api/logs/latest
2026-08-04 14:51:27  [INFO    ]  vdb_ui.api           │ ← GET /api/logs/latest → 200 (8.5 ms)
2026-08-04 14:51:30  [INFO    ]  vdb_ui.api           │ → GET /api/logs/latest
2026-08-04 14:51:30  [INFO    ]  vdb_ui.api           │ ← GET /api/logs/latest → 200 (6.3 ms)
2026-08-04 14:51:33  [INFO    ]  vdb_ui.api           │ → GET /api/health
2026-08-04 14:51:33  [INFO    ]  vdb_ui.api           │ → GET /api/logs/latest
2026-08-04 14:51:33  [INFO    ]  vdb_ui.api           │ ← GET /api/health → 200 (11.9 ms)
2026-08-04 14:51:33  [INFO    ]  vdb_ui.api           │ ← GET /api/logs/latest → 200 (11.5 ms)
2026-08-04 14:51:36  [INFO    ]  vdb_ui.api           │ → GET /api/logs/latest
2026-08-04 14:51:36  [INFO    ]  vdb_ui.api           │ ← GET /api/logs/latest → 200 (6.6 ms)
2026-08-04 14:51:39  [INFO    ]  vdb_ui.api           │ → GET /api/logs/latest
2026-08-04 14:51:39  [INFO    ]  vdb_ui.api           │ ← GET /api/logs/latest → 200 (8.4 ms)
2026-08-04 14:51:42  [INFO    ]  vdb_ui.api           │ → GET /api/logs/latest
2026-08-04 14:51:42  [INFO    ]  vdb_ui.api           │ ← GET /api/logs/latest → 200 (8.3 ms)
2026-08-04 14:51:43  [INFO    ]  vdb_ui.api           │ → GET /api/health
2026-08-04 14:51:43  [INFO    ]  vdb_ui.api           │ ← GET /api/health → 200 (4.2 ms)
2026-08-04 14:51:45  [INFO    ]  vdb_ui.api           │ → GET /api/logs/latest
2026-08-04 14:51:45  [INFO    ]  vdb_ui.api           │ ← GET /api/logs/latest → 200 (5.4 ms)
2026-08-04 14:51:48  [INFO    ]  vdb_ui.api           │ → GET /api/logs/latest
2026-08-04 14:51:48  [INFO    ]  vdb_ui.api           │ ← GET /api/logs/latest → 200 (5.2 ms)
2026-08-04 14:51:51  [INFO    ]  vdb_ui.api           │ → GET /api/logs/latest
2026-08-04 14:51:51  [INFO    ]  vdb_ui.api           │ ← GET /api/logs/latest → 200 (5.8 ms)
2026-08-04 14:51:53  [INFO    ]  vdb_ui.api           │ → GET /api/health
2026-08-04 14:51:53  [INFO    ]  vdb_ui.api           │ ← GET /api/health → 200 (7.1 ms)
2026-08-04 14:51:54  [INFO    ]  vdb_ui.api           │ → GET /api/logs/latest
2026-08-04 14:51:54  [INFO    ]  vdb_ui.api           │ ← GET /api/logs/latest → 200 (6.8 ms)
2026-08-04 14:51:57  [INFO    ]  vdb_ui.api           │ → GET /api/logs/latest
2026-08-04 14:51:57  [INFO    ]  vdb_ui.api           │ ← GET /api/logs/latest → 200 (5.5 ms)
2026-08-04 14:52:00  [INFO    ]  vdb_ui.api           │ → GET /api/logs/latest
2026-08-04 14:52:00  [INFO    ]  vdb_ui.api           │ ← GET /api/logs/latest → 200 (6.6 ms)
2026-08-04 14:52:03  [INFO    ]  vdb_ui.api           │ → GET /api/health
2026-08-04 14:52:03  [INFO    ]  vdb_ui.api           │ ← GET /api/health → 200 (4.2 ms)
2026-08-04 14:52:03  [INFO    ]  vdb_ui.api           │ → GET /api/logs/latest
2026-08-04 14:52:03  [INFO    ]  vdb_ui.api           │ ← GET /api/logs/latest → 200 (5.6 ms)
2026-08-04 14:52:06  [INFO    ]  vdb_ui.api           │ → GET /api/logs/latest
2026-08-04 14:52:06  [INFO    ]  vdb_ui.api           │ ← GET /api/logs/latest → 200 (5.9 ms)
2026-08-04 14:52:09  [INFO    ]  vdb_ui.api           │ → GET /api/logs/latest
2026-08-04 14:52:09  [INFO    ]  vdb_ui.api           │ ← GET /api/logs/latest → 200 (5.3 ms)
2026-08-04 14:52:12  [INFO    ]  vdb_ui.api           │ → GET /api/logs/latest
2026-08-04 14:52:12  [INFO    ]  vdb_ui.api           │ ← GET /api/logs/latest → 200 (5.9 ms)
2026-08-04 14:52:13  [INFO    ]  vdb_ui.api           │ → GET /api/health
2026-08-04 14:52:13  [INFO    ]  vdb_ui.api           │ ← GET /api/health → 200 (2.5 ms)
2026-08-04 14:52:15  [INFO    ]  vdb_ui.api           │ → GET /api/logs/latest
2026-08-04 14:52:15  [INFO    ]  vdb_ui.api           │ ← GET /api/logs/latest → 200 (7.8 ms)
2026-08-04 14:52:18  [INFO    ]  vdb_ui.api           │ → GET /api/logs/latest
2026-08-04 14:52:18  [INFO    ]  vdb_ui.api           │ ← GET /api/logs/latest → 200 (5.0 ms)
2026-08-04 14:52:21  [INFO    ]  vdb_ui.api           │ → GET /api/logs/latest
2026-08-04 14:52:21  [INFO    ]  vdb_ui.api           │ ← GET /api/logs/latest → 200 (5.6 ms)
2026-08-04 14:52:23  [INFO    ]  vdb_ui.api           │ → GET /api/health
2026-08-04 14:52:23  [INFO    ]  vdb_ui.api           │ ← GET /api/health → 200 (2.5 ms)
2026-08-04 14:52:25  [INFO    ]  vdb_ui.api           │ → OPTIONS /api/clear
2026-08-04 14:52:25  [INFO    ]  vdb_ui.api           │ ← OPTIONS /api/clear → 200 (3.3 ms)
2026-08-04 14:52:25  [INFO    ]  vdb_ui.api           │ → GET /api/logs/latest
2026-08-04 14:52:25  [INFO    ]  vdb_ui.api           │ → POST /api/clear
2026-08-04 14:52:25  [INFO    ]  vdb_ui.api           │ ← GET /api/logs/latest → 200 (7.3 ms)
2026-08-04 14:52:25  [INFO    ]  vdb_ui.api           │ ← POST /api/clear → 200 (27.1 ms)
2026-08-04 14:52:27  [INFO    ]  vdb_ui.api           │ → GET /api/logs/latest
2026-08-04 14:52:27  [INFO    ]  vdb_ui.api           │ ← GET /api/logs/latest → 200 (6.2 ms)
2026-08-04 14:52:30  [INFO    ]  vdb_ui.api           │ → GET /api/logs/latest
2026-08-04 14:52:30  [INFO    ]  vdb_ui.api           │ ← GET /api/logs/latest → 200 (8.8 ms)
2026-08-04 14:52:33  [INFO    ]  vdb_ui.api           │ → GET /api/health
2026-08-04 14:52:33  [INFO    ]  vdb_ui.api           │ → GET /api/logs/latest
2026-08-04 14:52:33  [INFO    ]  vdb_ui.api           │ ← GET /api/health → 200 (7.8 ms)
2026-08-04 14:52:33  [INFO    ]  vdb_ui.api           │ ← GET /api/logs/latest → 200 (8.5 ms)
2026-08-04 14:52:36  [INFO    ]  vdb_ui.api           │ → GET /api/logs/latest
2026-08-04 14:52:36  [INFO    ]  vdb_ui.api           │ ← GET /api/logs/latest → 200 (6.0 ms)
2026-08-04 14:52:39  [INFO    ]  vdb_ui.api           │ → GET /api/logs/latest
2026-08-04 14:52:39  [INFO    ]  vdb_ui.api           │ ← GET /api/logs/latest → 200 (5.1 ms)
2026-08-04 14:52:42  [INFO    ]  vdb_ui.api           │ → GET /api/logs/latest
2026-08-04 14:52:42  [INFO    ]  vdb_ui.api           │ ← GET /api/logs/latest → 200 (6.0 ms)
2026-08-04 14:52:43  [INFO    ]  vdb_ui.api           │ → GET /api/health
2026-08-04 14:52:43  [INFO    ]  vdb_ui.api           │ ← GET /api/health → 200 (2.5 ms)
2026-08-04 14:52:45  [INFO    ]  vdb_ui.api           │ → GET /api/logs/latest
2026-08-04 14:52:45  [INFO    ]  vdb_ui.api           │ ← GET /api/logs/latest → 200 (7.2 ms)
2026-08-04 14:52:45  [INFO    ]  vdb_ui.api           │ → OPTIONS /api/query
2026-08-04 14:52:45  [INFO    ]  vdb_ui.api           │ ← OPTIONS /api/query → 200 (1.9 ms)
2026-08-04 14:52:45  [INFO    ]  vdb_ui.api           │ → POST /api/query
2026-08-04 14:52:48  [INFO    ]  vdb_ui.api           │ → GET /api/logs/latest
2026-08-04 14:52:48  [INFO    ]  vdb_ui.api           │ ← GET /api/logs/latest → 200 (10.5 ms)
2026-08-04 14:52:51  [INFO    ]  vdb_ui.api           │ → GET /api/logs/latest
2026-08-04 14:52:51  [INFO    ]  vdb_ui.api           │ ← GET /api/logs/latest → 200 (5.9 ms)
2026-08-04 14:52:53  [INFO    ]  vdb_ui.api           │ → GET /api/health
2026-08-04 14:52:53  [INFO    ]  vdb_ui.api           │ ← GET /api/health → 200 (2.5 ms)
2026-08-04 14:52:54  [INFO    ]  vdb_ui.api           │ → GET /api/logs/latest
2026-08-04 14:52:54  [INFO    ]  vdb_ui.api           │ ← GET /api/logs/latest → 200 (7.4 ms)
2026-08-04 14:52:55  [INFO    ]  vdb_ui.api           │ ← POST /api/query → 200 (9350.0 ms)
2026-08-04 14:52:57  [INFO    ]  vdb_ui.api           │ → GET /api/logs/latest
2026-08-04 14:52:57  [INFO    ]  vdb_ui.api           │ ← GET /api/logs/latest → 200 (6.7 ms)
2026-08-04 14:53:00  [INFO    ]  vdb_ui.api           │ → GET /api/logs/latest
2026-08-04 14:53:00  [INFO    ]  vdb_ui.api           │ ← GET /api/logs/latest → 200 (5.2 ms)
2026-08-04 14:53:03  [INFO    ]  vdb_ui.api           │ → GET /api/health
2026-08-04 14:53:03  [INFO    ]  vdb_ui.api           │ ← GET /api/health → 200 (2.9 ms)
2026-08-04 14:53:03  [INFO    ]  vdb_ui.api           │ → GET /api/logs/latest
2026-08-04 14:53:03  [INFO    ]  vdb_ui.api           │ ← GET /api/logs/latest → 200 (6.4 ms)
2026-08-04 14:53:06  [INFO    ]  vdb_ui.api           │ → GET /api/logs/latest
2026-08-04 14:53:06  [INFO    ]  vdb_ui.api           │ ← GET /api/logs/latest → 200 (5.5 ms)
2026-08-04 14:53:09  [INFO    ]  vdb_ui.api           │ → GET /api/logs/latest
2026-08-04 14:53:09  [INFO    ]  vdb_ui.api           │ ← GET /api/logs/latest → 200 (7.0 ms)
2026-08-04 14:53:12  [INFO    ]  vdb_ui.api           │ → GET /api/logs/latest
2026-08-04 14:53:12  [INFO    ]  vdb_ui.api           │ ← GET /api/logs/latest → 200 (6.5 ms)
2026-08-04 14:53:13  [INFO    ]  vdb_ui.api           │ → GET /api/health
2026-08-04 14:53:13  [INFO    ]  vdb_ui.api           │ ← GET /api/health → 200 (3.1 ms)
2026-08-04 14:53:15  [INFO    ]  vdb_ui.api           │ → GET /api/logs/latest
2026-08-04 14:53:15  [INFO    ]  vdb_ui.api           │ ← GET /api/logs/latest → 200 (6.8 ms)
2026-08-04 14:53:18  [INFO    ]  vdb_ui.api           │ → GET /api/logs/latest
2026-08-04 14:53:18  [INFO    ]  vdb_ui.api           │ ← GET /api/logs/latest → 200 (5.2 ms)
2026-08-04 14:53:21  [INFO    ]  vdb_ui.api           │ → GET /api/logs/latest
2026-08-04 14:53:21  [INFO    ]  vdb_ui.api           │ ← GET /api/logs/latest → 200 (7.3 ms)
2026-08-04 14:53:23  [INFO    ]  vdb_ui.api           │ → GET /api/health
2026-08-04 14:53:23  [INFO    ]  vdb_ui.api           │ ← GET /api/health → 200 (2.6 ms)
2026-08-04 14:53:24  [INFO    ]  vdb_ui.api           │ → GET /api/logs/latest
2026-08-04 14:53:24  [INFO    ]  vdb_ui.api           │ ← GET /api/logs/latest → 200 (5.0 ms)
2026-08-04 14:53:27  [INFO    ]  vdb_ui.api           │ → GET /api/logs/latest
2026-08-04 14:53:27  [INFO    ]  vdb_ui.api           │ ← GET /api/logs/latest → 200 (6.4 ms)
2026-08-04 14:53:30  [INFO    ]  vdb_ui.api           │ → GET /api/logs/latest
2026-08-04 14:53:30  [INFO    ]  vdb_ui.api           │ ← GET /api/logs/latest → 200 (6.1 ms)
2026-08-04 14:53:33  [INFO    ]  vdb_ui.api           │ → GET /api/health
2026-08-04 14:53:33  [INFO    ]  vdb_ui.api           │ → GET /api/logs/latest
2026-08-04 14:53:33  [INFO    ]  vdb_ui.api           │ ← GET /api/health → 200 (7.4 ms)
2026-08-04 14:53:33  [INFO    ]  vdb_ui.api           │ ← GET /api/logs/latest → 200 (11.1 ms)
2026-08-04 14:53:36  [INFO    ]  vdb_ui.api           │ → GET /api/logs/latest
2026-08-04 14:53:36  [INFO    ]  vdb_ui.api           │ ← GET /api/logs/latest → 200 (5.2 ms)
2026-08-04 14:53:39  [INFO    ]  vdb_ui.api           │ → GET /api/logs/latest
2026-08-04 14:53:39  [INFO    ]  vdb_ui.api           │ ← GET /api/logs/latest → 200 (7.6 ms)
2026-08-04 14:53:42  [INFO    ]  vdb_ui.api           │ → GET /api/logs/latest
2026-08-04 14:53:42  [INFO    ]  vdb_ui.api           │ ← GET /api/logs/latest → 200 (6.0 ms)
2026-08-04 14:53:43  [INFO    ]  vdb_ui.api           │ → GET /api/health
2026-08-04 14:53:43  [INFO    ]  vdb_ui.api           │ ← GET /api/health → 200 (2.5 ms)
2026-08-04 14:53:45  [INFO    ]  vdb_ui.api           │ → GET /api/logs/latest
2026-08-04 14:53:45  [INFO    ]  vdb_ui.api           │ ← GET /api/logs/latest → 200 (8.9 ms)
2026-08-04 14:53:48  [INFO    ]  vdb_ui.api           │ → GET /api/logs/latest
2026-08-04 14:53:48  [INFO    ]  vdb_ui.api           │ ← GET /api/logs/latest → 200 (6.1 ms)
2026-08-04 14:53:51  [INFO    ]  vdb_ui.api           │ → GET /api/logs/latest
2026-08-04 14:53:51  [INFO    ]  vdb_ui.api           │ ← GET /api/logs/latest → 200 (6.0 ms)
2026-08-04 14:53:53  [INFO    ]  vdb_ui.api           │ → GET /api/health
2026-08-04 14:53:53  [INFO    ]  vdb_ui.api           │ ← GET /api/health → 200 (3.0 ms)
2026-08-04 14:53:54  [INFO    ]  vdb_ui.api           │ → GET /api/logs/latest
2026-08-04 14:53:54  [INFO    ]  vdb_ui.api           │ ← GET /api/logs/latest → 200 (8.2 ms)
2026-08-04 14:53:57  [INFO    ]  vdb_ui.api           │ → GET /api/logs/latest
2026-08-04 14:53:57  [INFO    ]  vdb_ui.api           │ ← GET /api/logs/latest → 200 (6.1 ms)
2026-08-04 14:54:00  [INFO    ]  vdb_ui.api           │ → GET /api/logs/latest
2026-08-04 14:54:00  [INFO    ]  vdb_ui.api           │ ← GET /api/logs/latest → 200 (7.6 ms)
2026-08-04 14:54:03  [INFO    ]  vdb_ui.api           │ → GET /api/health
2026-08-04 14:54:03  [INFO    ]  vdb_ui.api           │ ← GET /api/health → 200 (2.8 ms)
2026-08-04 14:54:03  [INFO    ]  vdb_ui.api           │ → GET /api/logs/latest
2026-08-04 14:54:03  [INFO    ]  vdb_ui.api           │ ← GET /api/logs/latest → 200 (4.8 ms)
2026-08-04 14:54:06  [INFO    ]  vdb_ui.api           │ → GET /api/logs/latest
2026-08-04 14:54:06  [INFO    ]  vdb_ui.api           │ ← GET /api/logs/latest → 200 (4.5 ms)
2026-08-04 14:54:09  [INFO    ]  vdb_ui.api           │ → GET /api/logs/latest
2026-08-04 14:54:09  [INFO    ]  vdb_ui.api           │ ← GET /api/logs/latest → 200 (14.7 ms)
2026-08-04 14:54:12  [INFO    ]  vdb_ui.api           │ → GET /api/logs/latest
2026-08-04 14:54:12  [INFO    ]  vdb_ui.api           │ ← GET /api/logs/latest → 200 (4.9 ms)
2026-08-04 14:54:13  [INFO    ]  vdb_ui.api           │ → GET /api/health
2026-08-04 14:54:13  [INFO    ]  vdb_ui.api           │ ← GET /api/health → 200 (7.4 ms)
2026-08-04 14:54:15  [INFO    ]  vdb_ui.api           │ → GET /api/logs/latest
2026-08-04 14:54:15  [INFO    ]  vdb_ui.api           │ ← GET /api/logs/latest → 200 (7.2 ms)
2026-08-04 14:54:18  [INFO    ]  vdb_ui.api           │ → GET /api/logs/latest
2026-08-04 14:54:18  [INFO    ]  vdb_ui.api           │ ← GET /api/logs/latest → 200 (23.5 ms)
2026-08-04 14:54:21  [INFO    ]  vdb_ui.api           │ → GET /api/logs/latest
2026-08-04 14:54:21  [INFO    ]  vdb_ui.api           │ ← GET /api/logs/latest → 200 (8.3 ms)
2026-08-04 14:54:23  [INFO    ]  vdb_ui.api           │ → GET /api/health
2026-08-04 14:54:23  [INFO    ]  vdb_ui.api           │ ← GET /api/health → 200 (4.1 ms)
2026-08-04 14:54:24  [INFO    ]  vdb_ui.api           │ → GET /api/logs/latest
2026-08-04 14:54:24  [INFO    ]  vdb_ui.api           │ ← GET /api/logs/latest → 200 (5.9 ms)
2026-08-04 14:54:27  [INFO    ]  vdb_ui.api           │ → GET /api/logs/latest
2026-08-04 14:54:27  [INFO    ]  vdb_ui.api           │ ← GET /api/logs/latest → 200 (5.5 ms)
2026-08-04 14:54:30  [INFO    ]  vdb_ui.api           │ → GET /api/logs/latest
2026-08-04 14:54:30  [INFO    ]  vdb_ui.api           │ ← GET /api/logs/latest → 200 (5.5 ms)
2026-08-04 14:54:33  [INFO    ]  vdb_ui.api           │ → GET /api/health
2026-08-04 14:54:33  [INFO    ]  vdb_ui.api           │ → GET /api/logs/latest
2026-08-04 14:54:33  [INFO    ]  vdb_ui.api           │ ← GET /api/health → 200 (5.3 ms)
2026-08-04 14:54:33  [INFO    ]  vdb_ui.api           │ ← GET /api/logs/latest → 200 (12.3 ms)
2026-08-04 14:54:36  [INFO    ]  vdb_ui.api           │ → GET /api/logs/latest
2026-08-04 14:54:36  [INFO    ]  vdb_ui.api           │ ← GET /api/logs/latest → 200 (6.2 ms)
2026-08-04 14:54:39  [INFO    ]  vdb_ui.api           │ → GET /api/logs/latest
2026-08-04 14:54:39  [INFO    ]  vdb_ui.api           │ ← GET /api/logs/latest → 200 (6.7 ms)
2026-08-04 14:54:42  [INFO    ]  vdb_ui.api           │ → GET /api/logs/latest
2026-08-04 14:54:42  [INFO    ]  vdb_ui.api           │ ← GET /api/logs/latest → 200 (8.0 ms)
2026-08-04 14:54:43  [INFO    ]  vdb_ui.api           │ → GET /api/health
2026-08-04 14:54:43  [INFO    ]  vdb_ui.api           │ ← GET /api/health → 200 (8.2 ms)
2026-08-04 14:54:45  [INFO    ]  vdb_ui.api           │ → GET /api/logs/latest
2026-08-04 14:54:45  [INFO    ]  vdb_ui.api           │ ← GET /api/logs/latest → 200 (5.2 ms)
2026-08-04 14:54:48  [INFO    ]  vdb_ui.api           │ → GET /api/logs/latest
2026-08-04 14:54:48  [INFO    ]  vdb_ui.api           │ ← GET /api/logs/latest → 200 (5.6 ms)
2026-08-04 14:54:51  [INFO    ]  vdb_ui.api           │ → GET /api/logs/latest
2026-08-04 14:54:51  [INFO    ]  vdb_ui.api           │ ← GET /api/logs/latest → 200 (12.7 ms)
2026-08-04 14:54:53  [INFO    ]  vdb_ui.api           │ → GET /api/health
2026-08-04 14:54:53  [INFO    ]  vdb_ui.api           │ ← GET /api/health → 200 (8.4 ms)
2026-08-04 14:54:54  [INFO    ]  vdb_ui.api           │ → GET /api/logs/latest
2026-08-04 14:54:54  [INFO    ]  vdb_ui.api           │ ← GET /api/logs/latest → 200 (9.1 ms)
2026-08-04 14:54:57  [INFO    ]  vdb_ui.api           │ → GET /api/logs/latest
2026-08-04 14:54:57  [INFO    ]  vdb_ui.api           │ ← GET /api/logs/latest → 200 (8.8 ms)
2026-08-04 14:55:00  [INFO    ]  vdb_ui.api           │ → GET /api/logs/latest
2026-08-04 14:55:00  [INFO    ]  vdb_ui.api           │ ← GET /api/logs/latest → 200 (7.6 ms)
2026-08-04 14:55:03  [INFO    ]  vdb_ui.api           │ → GET /api/health
2026-08-04 14:55:03  [INFO    ]  vdb_ui.api           │ ← GET /api/health → 200 (3.1 ms)
2026-08-04 14:55:03  [INFO    ]  vdb_ui.api           │ → GET /api/logs/latest
2026-08-04 14:55:03  [INFO    ]  vdb_ui.api           │ ← GET /api/logs/latest → 200 (6.2 ms)
2026-08-04 14:55:09  [INFO    ]  vdb_ui.api           │ → GET /api/logs/latest
2026-08-04 14:55:09  [INFO    ]  vdb_ui.api           │ ← GET /api/logs/latest → 200 (18.7 ms)
2026-08-04 14:56:09  [INFO    ]  vdb_ui.api           │ → GET /api/logs/latest
2026-08-04 14:56:09  [INFO    ]  vdb_ui.api           │ → GET /api/health
2026-08-04 14:56:09  [INFO    ]  vdb_ui.api           │ ← GET /api/health → 200 (4.6 ms)
2026-08-04 14:56:09  [INFO    ]  vdb_ui.api           │ ← GET /api/logs/latest → 200 (10.6 ms)
2026-08-04 14:57:09  [INFO    ]  vdb_ui.api           │ → GET /api/logs/latest
2026-08-04 14:57:09  [INFO    ]  vdb_ui.api           │ ← GET /api/logs/latest → 200 (5.7 ms)
2026-08-04 14:57:09  [INFO    ]  vdb_ui.api           │ → GET /api/health
2026-08-04 14:57:09  [INFO    ]  vdb_ui.api           │ ← GET /api/health → 200 (2.9 ms)
2026-08-04 14:57:20  [INFO    ]  vdb_ui.api           │ → GET /api/logs/latest
2026-08-04 14:57:20  [INFO    ]  vdb_ui.api           │ ← GET /api/logs/latest → 200 (13.2 ms)
2026-08-04 14:57:20  [INFO    ]  vdb_ui.api           │ → GET /api/health
2026-08-04 14:57:20  [INFO    ]  vdb_ui.api           │ ← GET /api/health → 200 (6.6 ms)
2026-08-04 14:57:21  [INFO    ]  vdb_ui.api           │ → GET /api/logs/latest
2026-08-04 14:57:21  [INFO    ]  vdb_ui.api           │ ← GET /api/logs/latest → 200 (9.6 ms)
2026-08-04 14:57:23  [INFO    ]  vdb_ui.api           │ → GET /api/health
2026-08-04 14:57:23  [INFO    ]  vdb_ui.api           │ ← GET /api/health → 200 (5.4 ms)
2026-08-04 14:57:24  [INFO    ]  vdb_ui.api           │ → GET /api/logs/latest
2026-08-04 14:57:24  [INFO    ]  vdb_ui.api           │ ← GET /api/logs/latest → 200 (7.8 ms)
2026-08-04 14:57:27  [INFO    ]  vdb_ui.api           │ → GET /api/logs/latest
2026-08-04 14:57:27  [INFO    ]  vdb_ui.api           │ ← GET /api/logs/latest → 200 (9.0 ms)
2026-08-04 14:57:30  [INFO    ]  vdb_ui.api           │ → GET /api/logs/latest
2026-08-04 14:57:30  [INFO    ]  vdb_ui.api           │ ← GET /api/logs/latest → 200 (4.8 ms)
2026-08-04 14:57:33  [INFO    ]  vdb_ui.api           │ → GET /api/health
2026-08-04 14:57:33  [INFO    ]  vdb_ui.api           │ → GET /api/logs/latest
2026-08-04 14:57:33  [INFO    ]  vdb_ui.api           │ ← GET /api/health → 200 (5.5 ms)
2026-08-04 14:57:33  [INFO    ]  vdb_ui.api           │ ← GET /api/logs/latest → 200 (10.4 ms)
2026-08-04 14:57:36  [INFO    ]  vdb_ui.api           │ → GET /api/logs/latest
2026-08-04 14:57:36  [INFO    ]  vdb_ui.api           │ ← GET /api/logs/latest → 200 (5.3 ms)
2026-08-04 14:57:39  [INFO    ]  vdb_ui.api           │ → GET /api/logs/latest
2026-08-04 14:57:39  [INFO    ]  vdb_ui.api           │ ← GET /api/logs/latest → 200 (4.6 ms)
2026-08-04 14:57:42  [INFO    ]  vdb_ui.api           │ → GET /api/logs/latest
2026-08-04 14:57:42  [INFO    ]  vdb_ui.api           │ ← GET /api/logs/latest → 200 (5.9 ms)
2026-08-04 14:57:43  [INFO    ]  vdb_ui.api           │ → GET /api/health
2026-08-04 14:57:43  [INFO    ]  vdb_ui.api           │ ← GET /api/health → 200 (4.3 ms)
2026-08-04 14:57:45  [INFO    ]  vdb_ui.api           │ → GET /api/logs/latest
2026-08-04 14:57:45  [INFO    ]  vdb_ui.api           │ ← GET /api/logs/latest → 200 (9.1 ms)
2026-08-04 14:57:48  [INFO    ]  vdb_ui.api           │ → GET /api/logs/latest
2026-08-04 14:57:48  [INFO    ]  vdb_ui.api           │ ← GET /api/logs/latest → 200 (5.9 ms)
2026-08-04 14:57:51  [INFO    ]  vdb_ui.api           │ → GET /api/logs/latest
2026-08-04 14:57:51  [INFO    ]  vdb_ui.api           │ ← GET /api/logs/latest → 200 (5.1 ms)
2026-08-04 14:57:53  [INFO    ]  vdb_ui.api           │ → GET /api/health
2026-08-04 14:57:53  [INFO    ]  vdb_ui.api           │ ← GET /api/health → 200 (3.3 ms)
2026-08-04 14:57:54  [INFO    ]  vdb_ui.api           │ → GET /api/logs/latest
2026-08-04 14:57:54  [INFO    ]  vdb_ui.api           │ ← GET /api/logs/latest → 200 (7.9 ms)
2026-08-04 14:57:57  [INFO    ]  vdb_ui.api           │ → GET /api/logs/latest
2026-08-04 14:57:57  [INFO    ]  vdb_ui.api           │ ← GET /api/logs/latest → 200 (8.6 ms)
2026-08-04 14:58:00  [INFO    ]  vdb_ui.api           │ → GET /api/logs/latest
2026-08-04 14:58:00  [INFO    ]  vdb_ui.api           │ ← GET /api/logs/latest → 200 (5.5 ms)
2026-08-04 14:58:03  [INFO    ]  vdb_ui.api           │ → GET /api/health
2026-08-04 14:58:03  [INFO    ]  vdb_ui.api           │ ← GET /api/health → 200 (4.9 ms)
2026-08-04 14:58:03  [INFO    ]  vdb_ui.api           │ → GET /api/logs/latest
2026-08-04 14:58:03  [INFO    ]  vdb_ui.api           │ ← GET /api/logs/latest → 200 (5.6 ms)
2026-08-04 14:58:06  [INFO    ]  vdb_ui.api           │ → GET /api/logs/latest
2026-08-04 14:58:06  [INFO    ]  vdb_ui.api           │ ← GET /api/logs/latest → 200 (5.9 ms)
2026-08-04 14:58:09  [INFO    ]  vdb_ui.api           │ → GET /api/logs/latest
2026-08-04 14:58:09  [INFO    ]  vdb_ui.api           │ ← GET /api/logs/latest → 200 (6.5 ms)
2026-08-04 14:58:12  [INFO    ]  vdb_ui.api           │ → GET /api/logs/latest
2026-08-04 14:58:12  [INFO    ]  vdb_ui.api           │ ← GET /api/logs/latest → 200 (6.9 ms)
2026-08-04 14:58:13  [INFO    ]  vdb_ui.api           │ → GET /api/health
2026-08-04 14:58:13  [INFO    ]  vdb_ui.api           │ ← GET /api/health → 200 (2.6 ms)
2026-08-04 14:58:15  [INFO    ]  vdb_ui.api           │ → GET /api/logs/latest
2026-08-04 14:58:15  [INFO    ]  vdb_ui.api           │ ← GET /api/logs/latest → 200 (8.9 ms)
2026-08-04 14:58:18  [INFO    ]  vdb_ui.api           │ → GET /api/logs/latest
2026-08-04 14:58:18  [INFO    ]  vdb_ui.api           │ ← GET /api/logs/latest → 200 (5.5 ms)
2026-08-04 14:58:21  [INFO    ]  vdb_ui.api           │ → GET /api/logs/latest
2026-08-04 14:58:21  [INFO    ]  vdb_ui.api           │ ← GET /api/logs/latest → 200 (5.5 ms)
2026-08-04 14:58:23  [INFO    ]  vdb_ui.api           │ → GET /api/health
2026-08-04 14:58:23  [INFO    ]  vdb_ui.api           │ ← GET /api/health → 200 (3.5 ms)
2026-08-04 14:58:24  [INFO    ]  vdb_ui.api           │ → GET /api/logs/latest
2026-08-04 14:58:24  [INFO    ]  vdb_ui.api           │ ← GET /api/logs/latest → 200 (9.0 ms)
2026-08-04 14:58:27  [INFO    ]  vdb_ui.api           │ → GET /api/logs/latest
2026-08-04 14:58:27  [INFO    ]  vdb_ui.api           │ ← GET /api/logs/latest → 200 (8.9 ms)
2026-08-04 14:58:30  [INFO    ]  vdb_ui.api           │ → GET /api/logs/latest
2026-08-04 14:58:30  [INFO    ]  vdb_ui.api           │ ← GET /api/logs/latest → 200 (5.6 ms)
2026-08-04 14:58:33  [INFO    ]  vdb_ui.api           │ → GET /api/health
2026-08-04 14:58:33  [INFO    ]  vdb_ui.api           │ → GET /api/logs/latest
2026-08-04 14:58:33  [INFO    ]  vdb_ui.api           │ ← GET /api/health → 200 (6.4 ms)
2026-08-04 14:58:33  [INFO    ]  vdb_ui.api           │ ← GET /api/logs/latest → 200 (8.6 ms)
2026-08-04 14:59:09  [INFO    ]  vdb_ui.api           │ → GET /api/logs/latest
2026-08-04 14:59:09  [INFO    ]  vdb_ui.api           │ → GET /api/health
2026-08-04 14:59:09  [INFO    ]  vdb_ui.api           │ ← GET /api/health → 200 (3.8 ms)
2026-08-04 14:59:09  [INFO    ]  vdb_ui.api           │ ← GET /api/logs/latest → 200 (9.4 ms)
2026-08-04 15:03:16  [INFO    ]  vdb_ui.api           │ → GET /api/logs/latest
2026-08-04 15:03:16  [INFO    ]  vdb_ui.api           │ ← GET /api/logs/latest → 200 (6.3 ms)
2026-08-04 15:03:16  [INFO    ]  vdb_ui.api           │ → GET /api/health
2026-08-04 15:03:16  [INFO    ]  vdb_ui.api           │ ← GET /api/health → 200 (5.2 ms)
2026-08-04 15:03:18  [INFO    ]  vdb_ui.api           │ → GET /api/logs/latest
2026-08-04 15:03:18  [INFO    ]  vdb_ui.api           │ ← GET /api/logs/latest → 200 (6.4 ms)
2026-08-04 15:03:21  [INFO    ]  vdb_ui.api           │ → GET /api/logs/latest
2026-08-04 15:03:21  [INFO    ]  vdb_ui.api           │ ← GET /api/logs/latest → 200 (9.2 ms)
2026-08-04 15:03:23  [INFO    ]  vdb_ui.api           │ → GET /api/health
2026-08-04 15:03:23  [INFO    ]  vdb_ui.api           │ ← GET /api/health → 200 (3.4 ms)
2026-08-04 15:03:24  [INFO    ]  vdb_ui.api           │ → GET /api/logs/latest
2026-08-04 15:03:24  [INFO    ]  vdb_ui.api           │ ← GET /api/logs/latest → 200 (10.2 ms)
2026-08-04 15:03:27  [INFO    ]  vdb_ui.api           │ → GET /api/logs/latest
2026-08-04 15:03:27  [INFO    ]  vdb_ui.api           │ ← GET /api/logs/latest → 200 (5.4 ms)
2026-08-04 15:03:30  [INFO    ]  vdb_ui.api           │ → GET /api/logs/latest
2026-08-04 15:03:30  [INFO    ]  vdb_ui.api           │ ← GET /api/logs/latest → 200 (5.7 ms)
2026-08-04 15:03:33  [INFO    ]  vdb_ui.api           │ → GET /api/health
2026-08-04 15:03:33  [INFO    ]  vdb_ui.api           │ → GET /api/logs/latest
2026-08-04 15:03:33  [INFO    ]  vdb_ui.api           │ ← GET /api/health → 200 (7.8 ms)
2026-08-04 15:03:33  [INFO    ]  vdb_ui.api           │ ← GET /api/logs/latest → 200 (13.3 ms)
2026-08-04 15:03:36  [INFO    ]  vdb_ui.api           │ → GET /api/logs/latest
2026-08-04 15:03:36  [INFO    ]  vdb_ui.api           │ ← GET /api/logs/latest → 200 (5.9 ms)
2026-08-04 15:03:39  [INFO    ]  vdb_ui.api           │ → GET /api/logs/latest
2026-08-04 15:03:39  [INFO    ]  vdb_ui.api           │ ← GET /api/logs/latest → 200 (10.6 ms)
2026-08-04 15:03:42  [INFO    ]  vdb_ui.api           │ → GET /api/logs/latest
2026-08-04 15:03:42  [INFO    ]  vdb_ui.api           │ ← GET /api/logs/latest → 200 (6.2 ms)
2026-08-04 15:03:43  [INFO    ]  vdb_ui.api           │ → GET /api/health
2026-08-04 15:03:43  [INFO    ]  vdb_ui.api           │ ← GET /api/health → 200 (2.8 ms)
2026-08-04 15:03:45  [INFO    ]  vdb_ui.api           │ → GET /api/logs/latest
2026-08-04 15:03:45  [INFO    ]  vdb_ui.api           │ ← GET /api/logs/latest → 200 (6.8 ms)
2026-08-04 15:03:48  [INFO    ]  vdb_ui.api           │ → GET /api/logs/latest
2026-08-04 15:03:48  [INFO    ]  vdb_ui.api           │ ← GET /api/logs/latest → 200 (8.0 ms)
2026-08-04 15:03:51  [INFO    ]  vdb_ui.api           │ → GET /api/logs/latest
2026-08-04 15:03:51  [INFO    ]  vdb_ui.api           │ ← GET /api/logs/latest → 200 (13.4 ms)
2026-08-04 15:03:53  [INFO    ]  vdb_ui.api           │ → GET /api/health
2026-08-04 15:03:53  [INFO    ]  vdb_ui.api           │ ← GET /api/health → 200 (3.4 ms)
2026-08-04 15:03:54  [INFO    ]  vdb_ui.api           │ → GET /api/logs/latest
2026-08-04 15:03:54  [INFO    ]  vdb_ui.api           │ ← GET /api/logs/latest → 200 (4.6 ms)
2026-08-04 15:03:57  [INFO    ]  vdb_ui.api           │ → GET /api/logs/latest
2026-08-04 15:03:57  [INFO    ]  vdb_ui.api           │ ← GET /api/logs/latest → 200 (8.6 ms)
2026-08-04 15:04:00  [INFO    ]  vdb_ui.api           │ → GET /api/logs/latest
2026-08-04 15:04:00  [INFO    ]  vdb_ui.api           │ ← GET /api/logs/latest → 200 (8.7 ms)
2026-08-04 15:04:03  [INFO    ]  vdb_ui.api           │ → GET /api/health
2026-08-04 15:04:03  [INFO    ]  vdb_ui.api           │ ← GET /api/health → 200 (6.3 ms)
2026-08-04 15:04:03  [INFO    ]  vdb_ui.api           │ → GET /api/logs/latest
2026-08-04 15:04:03  [INFO    ]  vdb_ui.api           │ ← GET /api/logs/latest → 200 (10.0 ms)
2026-08-04 15:04:06  [INFO    ]  vdb_ui.api           │ → GET /api/logs/latest
2026-08-04 15:04:06  [INFO    ]  vdb_ui.api           │ ← GET /api/logs/latest → 200 (11.9 ms)
2026-08-04 15:04:09  [INFO    ]  vdb_ui.api           │ → GET /api/logs/latest
2026-08-04 15:04:09  [INFO    ]  vdb_ui.api           │ ← GET /api/logs/latest → 200 (13.6 ms)
2026-08-04 15:04:12  [INFO    ]  vdb_ui.api           │ → GET /api/logs/latest
2026-08-04 15:04:12  [INFO    ]  vdb_ui.api           │ ← GET /api/logs/latest → 200 (7.9 ms)
2026-08-04 15:04:13  [INFO    ]  vdb_ui.api           │ → GET /api/health
2026-08-04 15:04:13  [INFO    ]  vdb_ui.api           │ ← GET /api/health → 200 (4.6 ms)
2026-08-04 15:04:15  [INFO    ]  vdb_ui.api           │ → GET /api/logs/latest
2026-08-04 15:04:15  [INFO    ]  vdb_ui.api           │ ← GET /api/logs/latest → 200 (7.0 ms)
2026-08-04 15:04:18  [INFO    ]  vdb_ui.api           │ → GET /api/logs/latest
2026-08-04 15:04:18  [INFO    ]  vdb_ui.api           │ ← GET /api/logs/latest → 200 (9.9 ms)
2026-08-04 15:04:21  [INFO    ]  vdb_ui.api           │ → GET /api/logs/latest
2026-08-04 15:04:21  [INFO    ]  vdb_ui.api           │ ← GET /api/logs/latest → 200 (13.6 ms)
2026-08-04 15:04:23  [INFO    ]  vdb_ui.api           │ → GET /api/health
2026-08-04 15:04:23  [INFO    ]  vdb_ui.api           │ ← GET /api/health → 200 (5.0 ms)
2026-08-04 15:04:24  [INFO    ]  vdb_ui.api           │ → GET /api/logs/latest
2026-08-04 15:04:24  [INFO    ]  vdb_ui.api           │ ← GET /api/logs/latest → 200 (6.8 ms)
2026-08-04 15:04:27  [INFO    ]  vdb_ui.api           │ → GET /api/logs/latest
2026-08-04 15:04:27  [INFO    ]  vdb_ui.api           │ ← GET /api/logs/latest → 200 (5.3 ms)
2026-08-04 15:04:30  [INFO    ]  vdb_ui.api           │ → GET /api/logs/latest
2026-08-04 15:04:30  [INFO    ]  vdb_ui.api           │ ← GET /api/logs/latest → 200 (6.5 ms)
2026-08-04 15:04:33  [INFO    ]  vdb_ui.api           │ → GET /api/health
2026-08-04 15:04:33  [INFO    ]  vdb_ui.api           │ → GET /api/logs/latest
2026-08-04 15:04:33  [INFO    ]  vdb_ui.api           │ ← GET /api/health → 200 (7.1 ms)
2026-08-04 15:04:33  [INFO    ]  vdb_ui.api           │ ← GET /api/logs/latest → 200 (13.6 ms)
2026-08-04 15:04:36  [INFO    ]  vdb_ui.api           │ → GET /api/logs/latest
2026-08-04 15:04:36  [INFO    ]  vdb_ui.api           │ ← GET /api/logs/latest → 200 (8.7 ms)
2026-08-04 15:04:39  [INFO    ]  vdb_ui.api           │ → GET /api/logs/latest
2026-08-04 15:04:39  [INFO    ]  vdb_ui.api           │ ← GET /api/logs/latest → 200 (5.2 ms)
2026-08-04 15:04:42  [INFO    ]  vdb_ui.api           │ → GET /api/logs/latest
2026-08-04 15:04:42  [INFO    ]  vdb_ui.api           │ ← GET /api/logs/latest → 200 (7.7 ms)
2026-08-04 15:04:43  [INFO    ]  vdb_ui.api           │ → GET /api/health
2026-08-04 15:04:43  [INFO    ]  vdb_ui.api           │ ← GET /api/health → 200 (3.0 ms)
2026-08-04 15:04:45  [INFO    ]  vdb_ui.api           │ → GET /api/logs/latest
2026-08-04 15:04:45  [INFO    ]  vdb_ui.api           │ ← GET /api/logs/latest → 200 (5.4 ms)
2026-08-04 15:05:10  [INFO    ]  vdb_ui.api           │ → GET /api/logs/latest
2026-08-04 15:05:10  [INFO    ]  vdb_ui.api           │ → GET /api/health
2026-08-04 15:05:10  [INFO    ]  vdb_ui.api           │ ← GET /api/health → 200 (7.7 ms)
2026-08-04 15:05:10  [INFO    ]  vdb_ui.api           │ ← GET /api/logs/latest → 200 (15.0 ms)
2026-08-04 15:16:15  [INFO    ]  vdb_ui.api           │ → GET /api/logs/latest
2026-08-04 15:16:15  [INFO    ]  vdb_ui.api           │ → GET /api/health
2026-08-04 15:16:15  [INFO    ]  vdb_ui.api           │ ← GET /api/logs/latest → 200 (12.4 ms)
2026-08-04 15:16:15  [INFO    ]  vdb_ui.api           │ ← GET /api/health → 200 (6.5 ms)
2026-08-04 15:16:15  [INFO    ]  vdb_ui.api           │ → GET /api/logs/latest
2026-08-04 15:16:15  [INFO    ]  vdb_ui.api           │ ← GET /api/logs/latest → 200 (4.2 ms)
2026-08-04 15:16:18  [INFO    ]  vdb_ui.api           │ → GET /api/logs/latest
2026-08-04 15:16:18  [INFO    ]  vdb_ui.api           │ ← GET /api/logs/latest → 200 (4.7 ms)
2026-08-04 15:16:21  [INFO    ]  vdb_ui.api           │ → GET /api/logs/latest
2026-08-04 15:16:21  [INFO    ]  vdb_ui.api           │ ← GET /api/logs/latest → 200 (3.1 ms)
2026-08-04 15:16:23  [INFO    ]  vdb_ui.api           │ → GET /api/health
2026-08-04 15:16:23  [INFO    ]  vdb_ui.api           │ ← GET /api/health → 200 (6.3 ms)
2026-08-04 15:16:24  [INFO    ]  vdb_ui.api           │ → GET /api/logs/latest
2026-08-04 15:16:24  [INFO    ]  vdb_ui.api           │ ← GET /api/logs/latest → 200 (8.1 ms)
2026-08-04 15:16:27  [INFO    ]  vdb_ui.api           │ → GET /api/logs/latest
2026-08-04 15:16:27  [INFO    ]  vdb_ui.api           │ ← GET /api/logs/latest → 200 (3.8 ms)
2026-08-04 15:16:30  [INFO    ]  vdb_ui.api           │ → GET /api/logs/latest
2026-08-04 15:16:30  [INFO    ]  vdb_ui.api           │ ← GET /api/logs/latest → 200 (2.8 ms)
2026-08-04 15:16:33  [INFO    ]  vdb_ui.api           │ → GET /api/health
2026-08-04 15:16:33  [INFO    ]  vdb_ui.api           │ → GET /api/logs/latest
2026-08-04 15:16:33  [INFO    ]  vdb_ui.api           │ ← GET /api/health → 200 (3.6 ms)
2026-08-04 15:16:33  [INFO    ]  vdb_ui.api           │ ← GET /api/logs/latest → 200 (12.2 ms)
2026-08-04 15:16:36  [INFO    ]  vdb_ui.api           │ → GET /api/logs/latest
2026-08-04 15:16:36  [INFO    ]  vdb_ui.api           │ ← GET /api/logs/latest → 200 (6.9 ms)
2026-08-04 15:16:39  [INFO    ]  vdb_ui.api           │ → GET /api/logs/latest
2026-08-04 15:16:39  [INFO    ]  vdb_ui.api           │ ← GET /api/logs/latest → 200 (7.6 ms)
2026-08-04 15:16:42  [INFO    ]  vdb_ui.api           │ → GET /api/logs/latest
2026-08-04 15:16:42  [INFO    ]  vdb_ui.api           │ ← GET /api/logs/latest → 200 (3.3 ms)
2026-08-04 15:16:43  [INFO    ]  vdb_ui.api           │ → GET /api/health
2026-08-04 15:16:43  [INFO    ]  vdb_ui.api           │ ← GET /api/health → 200 (1.5 ms)
2026-08-04 15:16:45  [INFO    ]  vdb_ui.api           │ → GET /api/logs/latest
2026-08-04 15:16:45  [INFO    ]  vdb_ui.api           │ ← GET /api/logs/latest → 200 (2.7 ms)
2026-08-04 15:16:48  [INFO    ]  vdb_ui.api           │ → GET /api/logs/latest
2026-08-04 15:16:48  [INFO    ]  vdb_ui.api           │ ← GET /api/logs/latest → 200 (2.6 ms)
2026-08-04 15:16:51  [INFO    ]  vdb_ui.api           │ → GET /api/logs/latest
2026-08-04 15:16:51  [INFO    ]  vdb_ui.api           │ ← GET /api/logs/latest → 200 (7.8 ms)
2026-08-04 15:16:53  [INFO    ]  vdb_ui.api           │ → GET /api/health
2026-08-04 15:16:53  [INFO    ]  vdb_ui.api           │ ← GET /api/health → 200 (1.3 ms)
2026-08-04 15:16:54  [INFO    ]  vdb_ui.api           │ → GET /api/logs/latest
2026-08-04 15:16:54  [INFO    ]  vdb_ui.api           │ ← GET /api/logs/latest → 200 (8.5 ms)
2026-08-04 15:16:57  [INFO    ]  vdb_ui.api           │ → GET /api/logs/latest
2026-08-04 15:16:57  [INFO    ]  vdb_ui.api           │ ← GET /api/logs/latest → 200 (3.2 ms)
2026-08-04 15:17:00  [INFO    ]  vdb_ui.api           │ → GET /api/logs/latest
2026-08-04 15:17:00  [INFO    ]  vdb_ui.api           │ ← GET /api/logs/latest → 200 (7.0 ms)
2026-08-04 15:17:03  [INFO    ]  vdb_ui.api           │ → GET /api/health
2026-08-04 15:17:03  [INFO    ]  vdb_ui.api           │ ← GET /api/health → 200 (1.3 ms)
2026-08-04 15:17:03  [INFO    ]  vdb_ui.api           │ → GET /api/logs/latest
2026-08-04 15:17:03  [INFO    ]  vdb_ui.api           │ ← GET /api/logs/latest → 200 (2.7 ms)
2026-08-04 15:17:06  [INFO    ]  vdb_ui.api           │ → GET /api/logs/latest
2026-08-04 15:17:06  [INFO    ]  vdb_ui.api           │ ← GET /api/logs/latest → 200 (7.3 ms)
2026-08-04 15:17:09  [INFO    ]  vdb_ui.api           │ → GET /api/logs/latest
2026-08-04 15:17:09  [INFO    ]  vdb_ui.api           │ ← GET /api/logs/latest → 200 (3.3 ms)
2026-08-04 15:17:12  [INFO    ]  vdb_ui.api           │ → GET /api/logs/latest
2026-08-04 15:17:12  [INFO    ]  vdb_ui.api           │ ← GET /api/logs/latest → 200 (13.9 ms)
2026-08-04 15:17:13  [INFO    ]  vdb_ui.api           │ → GET /api/health
2026-08-04 15:17:13  [INFO    ]  vdb_ui.api           │ ← GET /api/health → 200 (1.6 ms)
2026-08-04 15:17:15  [INFO    ]  vdb_ui.api           │ → GET /api/logs/latest
2026-08-04 15:17:15  [INFO    ]  vdb_ui.api           │ ← GET /api/logs/latest → 200 (2.9 ms)
2026-08-04 15:17:18  [INFO    ]  vdb_ui.api           │ → GET /api/logs/latest
2026-08-04 15:17:18  [INFO    ]  vdb_ui.api           │ ← GET /api/logs/latest → 200 (3.5 ms)
2026-08-04 15:17:21  [INFO    ]  vdb_ui.api           │ → GET /api/logs/latest
2026-08-04 15:17:21  [INFO    ]  vdb_ui.api           │ ← GET /api/logs/latest → 200 (3.2 ms)
2026-08-04 15:17:23  [INFO    ]  vdb_ui.api           │ → GET /api/health
2026-08-04 15:17:23  [INFO    ]  vdb_ui.api           │ ← GET /api/health → 200 (2.3 ms)
2026-08-04 15:17:24  [INFO    ]  vdb_ui.api           │ → GET /api/logs/latest
2026-08-04 15:17:24  [INFO    ]  vdb_ui.api           │ ← GET /api/logs/latest → 200 (3.1 ms)
2026-08-04 15:17:27  [INFO    ]  vdb_ui.api           │ → GET /api/logs/latest
2026-08-04 15:17:27  [INFO    ]  vdb_ui.api           │ ← GET /api/logs/latest → 200 (2.9 ms)
2026-08-04 15:17:30  [INFO    ]  vdb_ui.api           │ → GET /api/logs/latest
2026-08-04 15:17:30  [INFO    ]  vdb_ui.api           │ ← GET /api/logs/latest → 200 (2.4 ms)
2026-08-04 15:17:33  [INFO    ]  vdb_ui.api           │ → GET /api/health
2026-08-04 15:17:33  [INFO    ]  vdb_ui.api           │ → GET /api/logs/latest
2026-08-04 15:17:33  [INFO    ]  vdb_ui.api           │ ← GET /api/health → 200 (2.4 ms)
2026-08-04 15:17:33  [INFO    ]  vdb_ui.api           │ ← GET /api/logs/latest → 200 (4.9 ms)
2026-08-04 15:17:36  [INFO    ]  vdb_ui.api           │ → GET /api/logs/latest
2026-08-04 15:17:36  [INFO    ]  vdb_ui.api           │ ← GET /api/logs/latest → 200 (4.3 ms)
2026-08-04 15:17:39  [INFO    ]  vdb_ui.api           │ → GET /api/logs/latest
2026-08-04 15:17:39  [INFO    ]  vdb_ui.api           │ ← GET /api/logs/latest → 200 (2.6 ms)
2026-08-04 15:17:42  [INFO    ]  vdb_ui.api           │ → GET /api/logs/latest
2026-08-04 15:17:42  [INFO    ]  vdb_ui.api           │ ← GET /api/logs/latest → 200 (3.5 ms)
2026-08-04 15:17:43  [INFO    ]  vdb_ui.api           │ → GET /api/health
2026-08-04 15:17:43  [INFO    ]  vdb_ui.api           │ ← GET /api/health → 200 (1.3 ms)
2026-08-04 15:17:45  [INFO    ]  vdb_ui.api           │ → GET /api/logs/latest
2026-08-04 15:17:45  [INFO    ]  vdb_ui.api           │ ← GET /api/logs/latest → 200 (3.6 ms)
2026-08-04 15:17:48  [INFO    ]  vdb_ui.api           │ → GET /api/logs/latest
2026-08-04 15:17:48  [INFO    ]  vdb_ui.api           │ ← GET /api/logs/latest → 200 (2.6 ms)
2026-08-04 15:17:51  [INFO    ]  vdb_ui.api           │ → GET /api/logs/latest
2026-08-04 15:17:51  [INFO    ]  vdb_ui.api           │ ← GET /api/logs/latest → 200 (3.1 ms)
2026-08-04 15:17:53  [INFO    ]  vdb_ui.api           │ → GET /api/health
2026-08-04 15:17:53  [INFO    ]  vdb_ui.api           │ ← GET /api/health → 200 (1.2 ms)
2026-08-04 15:17:54  [INFO    ]  vdb_ui.api           │ → GET /api/logs/latest
2026-08-04 15:17:54  [INFO    ]  vdb_ui.api           │ ← GET /api/logs/latest → 200 (2.7 ms)
2026-08-04 15:17:57  [INFO    ]  vdb_ui.api           │ → GET /api/logs/latest
2026-08-04 15:17:57  [INFO    ]  vdb_ui.api           │ ← GET /api/logs/latest → 200 (4.2 ms)
2026-08-04 15:18:00  [INFO    ]  vdb_ui.api           │ → GET /api/logs/latest
2026-08-04 15:18:00  [INFO    ]  vdb_ui.api           │ ← GET /api/logs/latest → 200 (2.8 ms)
2026-08-04 15:18:03  [INFO    ]  vdb_ui.api           │ → GET /api/health
2026-08-04 15:18:03  [INFO    ]  vdb_ui.api           │ ← GET /api/health → 200 (1.6 ms)
2026-08-04 15:18:03  [INFO    ]  vdb_ui.api           │ → GET /api/logs/latest
2026-08-04 15:18:03  [INFO    ]  vdb_ui.api           │ ← GET /api/logs/latest → 200 (2.3 ms)
2026-08-04 15:18:06  [INFO    ]  vdb_ui.api           │ → GET /api/logs/latest
2026-08-04 15:18:06  [INFO    ]  vdb_ui.api           │ ← GET /api/logs/latest → 200 (4.2 ms)
2026-08-04 15:18:09  [INFO    ]  vdb_ui.api           │ → GET /api/logs/latest
2026-08-04 15:18:09  [INFO    ]  vdb_ui.api           │ ← GET /api/logs/latest → 200 (3.0 ms)
2026-08-04 15:18:12  [INFO    ]  vdb_ui.api           │ → GET /api/logs/latest
2026-08-04 15:18:12  [INFO    ]  vdb_ui.api           │ ← GET /api/logs/latest → 200 (3.5 ms)
2026-08-04 15:18:13  [INFO    ]  vdb_ui.api           │ → GET /api/health
2026-08-04 15:18:13  [INFO    ]  vdb_ui.api           │ ← GET /api/health → 200 (1.3 ms)
2026-08-04 15:18:15  [INFO    ]  vdb_ui.api           │ → GET /api/logs/latest
2026-08-04 15:18:15  [INFO    ]  vdb_ui.api           │ ← GET /api/logs/latest → 200 (4.4 ms)
2026-08-04 15:18:18  [INFO    ]  vdb_ui.api           │ → GET /api/logs/latest
2026-08-04 15:18:18  [INFO    ]  vdb_ui.api           │ ← GET /api/logs/latest → 200 (9.6 ms)
2026-08-04 15:18:21  [INFO    ]  vdb_ui.api           │ → GET /api/logs/latest
2026-08-04 15:18:21  [INFO    ]  vdb_ui.api           │ ← GET /api/logs/latest → 200 (2.7 ms)
2026-08-04 15:18:23  [INFO    ]  vdb_ui.api           │ → GET /api/health
2026-08-04 15:18:23  [INFO    ]  vdb_ui.api           │ ← GET /api/health → 200 (1.3 ms)
2026-08-04 15:18:24  [INFO    ]  vdb_ui.api           │ → GET /api/logs/latest
2026-08-04 15:18:24  [INFO    ]  vdb_ui.api           │ ← GET /api/logs/latest → 200 (3.1 ms)
2026-08-04 15:18:27  [INFO    ]  vdb_ui.api           │ → GET /api/logs/latest
2026-08-04 15:18:27  [INFO    ]  vdb_ui.api           │ ← GET /api/logs/latest → 200 (4.2 ms)
2026-08-04 15:18:30  [INFO    ]  vdb_ui.api           │ → GET /api/logs/latest
2026-08-04 15:18:30  [INFO    ]  vdb_ui.api           │ ← GET /api/logs/latest → 200 (4.1 ms)
2026-08-04 15:18:33  [INFO    ]  vdb_ui.api           │ → GET /api/health
2026-08-04 15:18:33  [INFO    ]  vdb_ui.api           │ → GET /api/logs/latest
2026-08-04 15:18:33  [INFO    ]  vdb_ui.api           │ ← GET /api/health → 200 (8.1 ms)
2026-08-04 15:18:33  [INFO    ]  vdb_ui.api           │ ← GET /api/logs/latest → 200 (6.8 ms)
2026-08-04 15:18:36  [INFO    ]  vdb_ui.api           │ → GET /api/logs/latest
2026-08-04 15:18:36  [INFO    ]  vdb_ui.api           │ ← GET /api/logs/latest → 200 (4.7 ms)
2026-08-04 15:18:39  [INFO    ]  vdb_ui.api           │ → GET /api/logs/latest
2026-08-04 15:18:39  [INFO    ]  vdb_ui.api           │ ← GET /api/logs/latest → 200 (2.6 ms)
2026-08-04 15:18:42  [INFO    ]  vdb_ui.api           │ → GET /api/logs/latest
2026-08-04 15:18:42  [INFO    ]  vdb_ui.api           │ ← GET /api/logs/latest → 200 (3.5 ms)
2026-08-04 15:18:43  [INFO    ]  vdb_ui.api           │ → GET /api/health
2026-08-04 15:18:43  [INFO    ]  vdb_ui.api           │ ← GET /api/health → 200 (1.7 ms)
2026-08-04 15:18:45  [INFO    ]  vdb_ui.api           │ → GET /api/logs/latest
2026-08-04 15:18:45  [INFO    ]  vdb_ui.api           │ ← GET /api/logs/latest → 200 (6.1 ms)
2026-08-04 15:18:48  [INFO    ]  vdb_ui.api           │ → GET /api/logs/latest
2026-08-04 15:18:48  [INFO    ]  vdb_ui.api           │ ← GET /api/logs/latest → 200 (2.7 ms)
2026-08-04 15:18:51  [INFO    ]  vdb_ui.api           │ → GET /api/logs/latest
2026-08-04 15:18:51  [INFO    ]  vdb_ui.api           │ ← GET /api/logs/latest → 200 (2.6 ms)
2026-08-04 15:18:53  [INFO    ]  vdb_ui.api           │ → GET /api/health
2026-08-04 15:18:53  [INFO    ]  vdb_ui.api           │ ← GET /api/health → 200 (1.2 ms)
2026-08-04 15:18:54  [INFO    ]  vdb_ui.api           │ → GET /api/logs/latest
2026-08-04 15:18:54  [INFO    ]  vdb_ui.api           │ ← GET /api/logs/latest → 200 (3.5 ms)
2026-08-04 15:18:57  [INFO    ]  vdb_ui.api           │ → GET /api/logs/latest
2026-08-04 15:18:57  [INFO    ]  vdb_ui.api           │ ← GET /api/logs/latest → 200 (4.2 ms)
2026-08-04 15:19:00  [INFO    ]  vdb_ui.api           │ → GET /api/logs/latest
2026-08-04 15:19:00  [INFO    ]  vdb_ui.api           │ ← GET /api/logs/latest → 200 (2.9 ms)
2026-08-04 15:19:03  [INFO    ]  vdb_ui.api           │ → GET /api/health
2026-08-04 15:19:03  [INFO    ]  vdb_ui.api           │ ← GET /api/health → 200 (2.0 ms)
2026-08-04 15:19:03  [INFO    ]  vdb_ui.api           │ → GET /api/logs/latest
2026-08-04 15:19:03  [INFO    ]  vdb_ui.api           │ ← GET /api/logs/latest → 200 (3.8 ms)
2026-08-04 15:19:06  [INFO    ]  vdb_ui.api           │ → GET /api/logs/latest
2026-08-04 15:19:06  [INFO    ]  vdb_ui.api           │ ← GET /api/logs/latest → 200 (2.5 ms)
2026-08-04 15:19:09  [INFO    ]  vdb_ui.api           │ → GET /api/logs/latest
2026-08-04 15:19:09  [INFO    ]  vdb_ui.api           │ ← GET /api/logs/latest → 200 (3.9 ms)
2026-08-04 15:19:12  [INFO    ]  vdb_ui.api           │ → GET /api/logs/latest
2026-08-04 15:19:12  [INFO    ]  vdb_ui.api           │ ← GET /api/logs/latest → 200 (4.8 ms)
2026-08-04 15:19:13  [INFO    ]  vdb_ui.api           │ → GET /api/health
2026-08-04 15:19:13  [INFO    ]  vdb_ui.api           │ ← GET /api/health → 200 (1.4 ms)
2026-08-04 15:19:15  [INFO    ]  vdb_ui.api           │ → GET /api/logs/latest
2026-08-04 15:19:15  [INFO    ]  vdb_ui.api           │ ← GET /api/logs/latest → 200 (2.5 ms)
2026-08-04 15:19:18  [INFO    ]  vdb_ui.api           │ → GET /api/logs/latest
2026-08-04 15:19:18  [INFO    ]  vdb_ui.api           │ ← GET /api/logs/latest → 200 (3.1 ms)
2026-08-04 15:19:21  [INFO    ]  vdb_ui.api           │ → GET /api/logs/latest
2026-08-04 15:19:21  [INFO    ]  vdb_ui.api           │ ← GET /api/logs/latest → 200 (4.5 ms)
2026-08-04 15:19:23  [INFO    ]  vdb_ui.api           │ → GET /api/health
2026-08-04 15:19:23  [INFO    ]  vdb_ui.api           │ ← GET /api/health → 200 (1.2 ms)
2026-08-04 15:19:24  [INFO    ]  vdb_ui.api           │ → GET /api/logs/latest
2026-08-04 15:19:24  [INFO    ]  vdb_ui.api           │ ← GET /api/logs/latest → 200 (3.4 ms)
2026-08-04 15:19:27  [INFO    ]  vdb_ui.api           │ → GET /api/logs/latest
2026-08-04 15:19:27  [INFO    ]  vdb_ui.api           │ ← GET /api/logs/latest → 200 (2.7 ms)
2026-08-04 15:19:30  [INFO    ]  vdb_ui.api           │ → GET /api/logs/latest
2026-08-04 15:19:30  [INFO    ]  vdb_ui.api           │ ← GET /api/logs/latest → 200 (12.3 ms)
2026-08-04 15:19:33  [INFO    ]  vdb_ui.api           │ → GET /api/health
2026-08-04 15:19:33  [INFO    ]  vdb_ui.api           │ → GET /api/logs/latest
2026-08-04 15:19:33  [INFO    ]  vdb_ui.api           │ ← GET /api/health → 200 (2.9 ms)
2026-08-04 15:19:33  [INFO    ]  vdb_ui.api           │ ← GET /api/logs/latest → 200 (4.0 ms)
2026-08-04 15:19:36  [INFO    ]  vdb_ui.api           │ → GET /api/logs/latest
2026-08-04 15:19:36  [INFO    ]  vdb_ui.api           │ ← GET /api/logs/latest → 200 (3.5 ms)
2026-08-04 15:19:39  [INFO    ]  vdb_ui.api           │ → GET /api/logs/latest
2026-08-04 15:19:39  [INFO    ]  vdb_ui.api           │ ← GET /api/logs/latest → 200 (4.5 ms)
2026-08-04 15:19:42  [INFO    ]  vdb_ui.api           │ → GET /api/logs/latest
2026-08-04 15:19:42  [INFO    ]  vdb_ui.api           │ ← GET /api/logs/latest → 200 (2.8 ms)
2026-08-04 15:19:43  [INFO    ]  vdb_ui.api           │ → GET /api/health
2026-08-04 15:19:43  [INFO    ]  vdb_ui.api           │ ← GET /api/health → 200 (3.6 ms)
2026-08-04 15:19:45  [INFO    ]  vdb_ui.api           │ → GET /api/logs/latest
2026-08-04 15:19:45  [INFO    ]  vdb_ui.api           │ ← GET /api/logs/latest → 200 (5.2 ms)
2026-08-04 15:19:48  [INFO    ]  vdb_ui.api           │ → GET /api/logs/latest
2026-08-04 15:19:48  [INFO    ]  vdb_ui.api           │ ← GET /api/logs/latest → 200 (10.3 ms)
2026-08-04 15:19:51  [INFO    ]  vdb_ui.api           │ → GET /api/logs/latest
2026-08-04 15:19:51  [INFO    ]  vdb_ui.api           │ ← GET /api/logs/latest → 200 (4.6 ms)
2026-08-04 15:19:53  [INFO    ]  vdb_ui.api           │ → GET /api/health
2026-08-04 15:19:53  [INFO    ]  vdb_ui.api           │ ← GET /api/health → 200 (1.1 ms)
2026-08-04 15:19:54  [INFO    ]  vdb_ui.api           │ → GET /api/logs/latest
2026-08-04 15:19:54  [INFO    ]  vdb_ui.api           │ ← GET /api/logs/latest → 200 (4.2 ms)
2026-08-04 15:19:57  [INFO    ]  vdb_ui.api           │ → GET /api/logs/latest
2026-08-04 15:19:57  [INFO    ]  vdb_ui.api           │ ← GET /api/logs/latest → 200 (5.1 ms)
2026-08-04 15:20:00  [INFO    ]  vdb_ui.api           │ → GET /api/logs/latest
2026-08-04 15:20:00  [INFO    ]  vdb_ui.api           │ ← GET /api/logs/latest → 200 (4.7 ms)
2026-08-04 15:20:03  [INFO    ]  vdb_ui.api           │ → GET /api/health
2026-08-04 15:20:03  [INFO    ]  vdb_ui.api           │ ← GET /api/health → 200 (1.4 ms)
2026-08-04 15:20:03  [INFO    ]  vdb_ui.api           │ → GET /api/logs/latest
2026-08-04 15:20:03  [INFO    ]  vdb_ui.api           │ ← GET /api/logs/latest → 200 (2.2 ms)
2026-08-04 15:20:06  [INFO    ]  vdb_ui.api           │ → GET /api/logs/latest
2026-08-04 15:20:06  [INFO    ]  vdb_ui.api           │ ← GET /api/logs/latest → 200 (2.3 ms)
2026-08-04 15:20:09  [INFO    ]  vdb_ui.api           │ → GET /api/logs/latest
2026-08-04 15:20:09  [INFO    ]  vdb_ui.api           │ ← GET /api/logs/latest → 200 (9.5 ms)
2026-08-04 15:20:12  [INFO    ]  vdb_ui.api           │ → GET /api/logs/latest
2026-08-04 15:20:12  [INFO    ]  vdb_ui.api           │ ← GET /api/logs/latest → 200 (2.9 ms)
2026-08-04 15:20:13  [INFO    ]  vdb_ui.api           │ → GET /api/health
2026-08-04 15:20:13  [INFO    ]  vdb_ui.api           │ ← GET /api/health → 200 (1.2 ms)
2026-08-04 15:20:15  [INFO    ]  vdb_ui.api           │ → GET /api/logs/latest
2026-08-04 15:20:15  [INFO    ]  vdb_ui.api           │ ← GET /api/logs/latest → 200 (2.6 ms)
2026-08-04 15:20:18  [INFO    ]  vdb_ui.api           │ → GET /api/logs/latest
2026-08-04 15:20:18  [INFO    ]  vdb_ui.api           │ ← GET /api/logs/latest → 200 (4.4 ms)
2026-08-04 15:20:21  [INFO    ]  vdb_ui.api           │ → GET /api/logs/latest
2026-08-04 15:20:21  [INFO    ]  vdb_ui.api           │ ← GET /api/logs/latest → 200 (3.1 ms)
2026-08-04 15:20:23  [INFO    ]  vdb_ui.api           │ → GET /api/health
2026-08-04 15:20:23  [INFO    ]  vdb_ui.api           │ ← GET /api/health → 200 (1.5 ms)
2026-08-04 15:20:24  [INFO    ]  vdb_ui.api           │ → GET /api/logs/latest
2026-08-04 15:20:24  [INFO    ]  vdb_ui.api           │ ← GET /api/logs/latest → 200 (2.6 ms)
2026-08-04 15:20:27  [INFO    ]  vdb_ui.api           │ → GET /api/logs/latest
2026-08-04 15:20:27  [INFO    ]  vdb_ui.api           │ ← GET /api/logs/latest → 200 (3.1 ms)
2026-08-04 15:20:30  [INFO    ]  vdb_ui.api           │ → GET /api/logs/latest
2026-08-04 15:20:30  [INFO    ]  vdb_ui.api           │ ← GET /api/logs/latest → 200 (5.1 ms)
2026-08-04 15:20:33  [INFO    ]  vdb_ui.api           │ → GET /api/health
2026-08-04 15:20:33  [INFO    ]  vdb_ui.api           │ → GET /api/logs/latest
2026-08-04 15:20:33  [INFO    ]  vdb_ui.api           │ ← GET /api/health → 200 (9.6 ms)
2026-08-04 15:20:33  [INFO    ]  vdb_ui.api           │ ← GET /api/logs/latest → 200 (13.8 ms)
2026-08-04 15:20:36  [INFO    ]  vdb_ui.api           │ → GET /api/logs/latest
2026-08-04 15:20:36  [INFO    ]  vdb_ui.api           │ ← GET /api/logs/latest → 200 (2.5 ms)
2026-08-04 15:20:39  [INFO    ]  vdb_ui.api           │ → GET /api/logs/latest
2026-08-04 15:20:39  [INFO    ]  vdb_ui.api           │ ← GET /api/logs/latest → 200 (2.6 ms)
2026-08-04 15:20:42  [INFO    ]  vdb_ui.api           │ → GET /api/logs/latest
2026-08-04 15:20:42  [INFO    ]  vdb_ui.api           │ ← GET /api/logs/latest → 200 (2.9 ms)
2026-08-04 15:20:43  [INFO    ]  vdb_ui.api           │ → GET /api/health
2026-08-04 15:20:43  [INFO    ]  vdb_ui.api           │ ← GET /api/health → 200 (1.2 ms)
2026-08-04 15:20:45  [INFO    ]  vdb_ui.api           │ → GET /api/logs/latest
2026-08-04 15:20:45  [INFO    ]  vdb_ui.api           │ ← GET /api/logs/latest → 200 (3.5 ms)
2026-08-04 15:20:48  [INFO    ]  vdb_ui.api           │ → GET /api/logs/latest
2026-08-04 15:20:48  [INFO    ]  vdb_ui.api           │ ← GET /api/logs/latest → 200 (3.8 ms)
2026-08-04 15:20:51  [INFO    ]  vdb_ui.api           │ → GET /api/logs/latest
2026-08-04 15:20:51  [INFO    ]  vdb_ui.api           │ ← GET /api/logs/latest → 200 (3.9 ms)
2026-08-04 15:20:53  [INFO    ]  vdb_ui.api           │ → GET /api/health
2026-08-04 15:20:53  [INFO    ]  vdb_ui.api           │ ← GET /api/health → 200 (1.6 ms)
2026-08-04 15:20:54  [INFO    ]  vdb_ui.api           │ → GET /api/logs/latest
2026-08-04 15:20:54  [INFO    ]  vdb_ui.api           │ ← GET /api/logs/latest → 200 (4.9 ms)
2026-08-04 15:20:57  [INFO    ]  vdb_ui.api           │ → GET /api/logs/latest
2026-08-04 15:20:57  [INFO    ]  vdb_ui.api           │ ← GET /api/logs/latest → 200 (4.8 ms)
2026-08-04 15:21:00  [INFO    ]  vdb_ui.api           │ → GET /api/logs/latest
2026-08-04 15:21:00  [INFO    ]  vdb_ui.api           │ ← GET /api/logs/latest → 200 (3.1 ms)
2026-08-04 15:21:03  [INFO    ]  vdb_ui.api           │ → GET /api/health
2026-08-04 15:21:03  [INFO    ]  vdb_ui.api           │ ← GET /api/health → 200 (1.4 ms)
2026-08-04 15:21:03  [INFO    ]  vdb_ui.api           │ → GET /api/logs/latest
2026-08-04 15:21:03  [INFO    ]  vdb_ui.api           │ ← GET /api/logs/latest → 200 (2.5 ms)
2026-08-04 15:21:06  [INFO    ]  vdb_ui.api           │ → GET /api/logs/latest
2026-08-04 15:21:06  [INFO    ]  vdb_ui.api           │ ← GET /api/logs/latest → 200 (3.1 ms)
2026-08-04 15:21:09  [INFO    ]  vdb_ui.api           │ → GET /api/logs/latest
2026-08-04 15:21:09  [INFO    ]  vdb_ui.api           │ ← GET /api/logs/latest → 200 (3.5 ms)
2026-08-04 15:21:12  [INFO    ]  vdb_ui.api           │ → GET /api/logs/latest
2026-08-04 15:21:12  [INFO    ]  vdb_ui.api           │ ← GET /api/logs/latest → 200 (3.7 ms)
2026-08-04 15:21:13  [INFO    ]  vdb_ui.api           │ → GET /api/health
2026-08-04 15:21:13  [INFO    ]  vdb_ui.api           │ ← GET /api/health → 200 (6.1 ms)
2026-08-04 15:21:15  [INFO    ]  vdb_ui.api           │ → GET /api/logs/latest
2026-08-04 15:21:15  [INFO    ]  vdb_ui.api           │ ← GET /api/logs/latest → 200 (2.6 ms)
2026-08-04 15:21:18  [INFO    ]  vdb_ui.api           │ → GET /api/logs/latest
2026-08-04 15:21:18  [INFO    ]  vdb_ui.api           │ ← GET /api/logs/latest → 200 (3.4 ms)
2026-08-04 15:21:21  [INFO    ]  vdb_ui.api           │ → GET /api/logs/latest
2026-08-04 15:21:21  [INFO    ]  vdb_ui.api           │ ← GET /api/logs/latest → 200 (3.3 ms)
2026-08-04 15:21:23  [INFO    ]  vdb_ui.api           │ → GET /api/health
2026-08-04 15:21:23  [INFO    ]  vdb_ui.api           │ ← GET /api/health → 200 (1.5 ms)
2026-08-04 15:33:16  [INFO    ]  vdb_ui.api           │ → GET /api/logs/latest
2026-08-04 15:33:17  [INFO    ]  vdb_ui.api           │ → GET /api/health
2026-08-04 15:33:17  [INFO    ]  vdb_ui.api           │ ← GET /api/logs/latest → 200 (405.9 ms)
2026-08-04 15:33:17  [INFO    ]  vdb_ui.api           │ ← GET /api/health → 200 (408.7 ms)
2026-08-04 15:33:18  [INFO    ]  vdb_ui.api           │ → GET /api/logs/latest
2026-08-04 15:33:18  [INFO    ]  vdb_ui.api           │ ← GET /api/logs/latest → 200 (6.2 ms)
2026-08-04 15:33:21  [INFO    ]  vdb_ui.api           │ → GET /api/logs/latest
2026-08-04 15:33:21  [INFO    ]  vdb_ui.api           │ ← GET /api/logs/latest → 200 (5.5 ms)
2026-08-04 15:33:23  [INFO    ]  vdb_ui.api           │ → GET /api/health
2026-08-04 15:33:23  [INFO    ]  vdb_ui.api           │ ← GET /api/health → 200 (1.8 ms)
2026-08-04 15:33:24  [INFO    ]  vdb_ui.api           │ → GET /api/logs/latest
2026-08-04 15:33:24  [INFO    ]  vdb_ui.api           │ ← GET /api/logs/latest → 200 (3.4 ms)
2026-08-04 15:33:27  [INFO    ]  vdb_ui.api           │ → GET /api/logs/latest
2026-08-04 15:33:27  [INFO    ]  vdb_ui.api           │ ← GET /api/logs/latest → 200 (3.1 ms)
2026-08-04 15:33:30  [INFO    ]  vdb_ui.api           │ → GET /api/logs/latest
2026-08-04 15:33:30  [INFO    ]  vdb_ui.api           │ ← GET /api/logs/latest → 200 (3.5 ms)
2026-08-04 15:33:33  [INFO    ]  vdb_ui.api           │ → GET /api/health
2026-08-04 15:33:33  [INFO    ]  vdb_ui.api           │ → GET /api/logs/latest
2026-08-04 15:33:33  [INFO    ]  vdb_ui.api           │ ← GET /api/health → 200 (18.7 ms)
2026-08-04 15:33:33  [INFO    ]  vdb_ui.api           │ ← GET /api/logs/latest → 200 (45.7 ms)
2026-08-04 15:33:36  [INFO    ]  vdb_ui.api           │ → GET /api/logs/latest
2026-08-04 15:33:36  [INFO    ]  vdb_ui.api           │ ← GET /api/logs/latest → 200 (3.8 ms)
2026-08-04 15:33:39  [INFO    ]  vdb_ui.api           │ → GET /api/logs/latest
2026-08-04 15:33:39  [INFO    ]  vdb_ui.api           │ ← GET /api/logs/latest → 200 (3.7 ms)
2026-08-04 15:33:42  [INFO    ]  vdb_ui.api           │ → GET /api/logs/latest
2026-08-04 15:33:42  [INFO    ]  vdb_ui.api           │ ← GET /api/logs/latest → 200 (2.7 ms)
2026-08-04 15:33:43  [INFO    ]  vdb_ui.api           │ → GET /api/health
2026-08-04 15:33:43  [INFO    ]  vdb_ui.api           │ ← GET /api/health → 200 (1.6 ms)
2026-08-04 15:33:45  [INFO    ]  vdb_ui.api           │ → GET /api/logs/latest
2026-08-04 15:33:45  [INFO    ]  vdb_ui.api           │ ← GET /api/logs/latest → 200 (10.8 ms)
2026-08-04 15:33:48  [INFO    ]  vdb_ui.api           │ → GET /api/logs/latest
2026-08-04 15:33:48  [INFO    ]  vdb_ui.api           │ ← GET /api/logs/latest → 200 (9.2 ms)
2026-08-04 15:33:51  [INFO    ]  vdb_ui.api           │ → GET /api/logs/latest
2026-08-04 15:33:51  [INFO    ]  vdb_ui.api           │ ← GET /api/logs/latest → 200 (3.5 ms)
2026-08-04 15:33:53  [INFO    ]  vdb_ui.api           │ → GET /api/health
2026-08-04 15:33:53  [INFO    ]  vdb_ui.api           │ ← GET /api/health → 200 (1.3 ms)
2026-08-04 15:33:54  [INFO    ]  vdb_ui.api           │ → GET /api/logs/latest
2026-08-04 15:33:54  [INFO    ]  vdb_ui.api           │ ← GET /api/logs/latest → 200 (6.8 ms)
2026-08-04 15:33:57  [INFO    ]  vdb_ui.api           │ → GET /api/logs/latest
2026-08-04 15:33:57  [INFO    ]  vdb_ui.api           │ ← GET /api/logs/latest → 200 (7.9 ms)
2026-08-04 15:34:00  [INFO    ]  vdb_ui.api           │ → GET /api/logs/latest
2026-08-04 15:34:00  [INFO    ]  vdb_ui.api           │ ← GET /api/logs/latest → 200 (4.0 ms)
2026-08-04 15:34:03  [INFO    ]  vdb_ui.api           │ → GET /api/health
2026-08-04 15:34:03  [INFO    ]  vdb_ui.api           │ ← GET /api/health → 200 (1.4 ms)
2026-08-04 15:34:03  [INFO    ]  vdb_ui.api           │ → GET /api/logs/latest
2026-08-04 15:34:03  [INFO    ]  vdb_ui.api           │ ← GET /api/logs/latest → 200 (2.9 ms)
2026-08-04 15:34:06  [INFO    ]  vdb_ui.api           │ → GET /api/logs/latest
2026-08-04 15:34:06  [INFO    ]  vdb_ui.api           │ ← GET /api/logs/latest → 200 (5.3 ms)
2026-08-04 15:34:09  [INFO    ]  vdb_ui.api           │ → GET /api/logs/latest
2026-08-04 15:34:09  [INFO    ]  vdb_ui.api           │ ← GET /api/logs/latest → 200 (6.7 ms)
2026-08-04 15:34:12  [INFO    ]  vdb_ui.api           │ → GET /api/logs/latest
2026-08-04 15:34:12  [INFO    ]  vdb_ui.api           │ ← GET /api/logs/latest → 200 (6.5 ms)
2026-08-04 15:34:13  [INFO    ]  vdb_ui.api           │ → GET /api/health
2026-08-04 15:34:13  [INFO    ]  vdb_ui.api           │ ← GET /api/health → 200 (2.0 ms)
2026-08-04 15:34:15  [INFO    ]  vdb_ui.api           │ → GET /api/logs/latest
2026-08-04 15:34:15  [INFO    ]  vdb_ui.api           │ ← GET /api/logs/latest → 200 (8.6 ms)
2026-08-04 15:34:18  [INFO    ]  vdb_ui.api           │ → GET /api/logs/latest
2026-08-04 15:34:18  [INFO    ]  vdb_ui.api           │ ← GET /api/logs/latest → 200 (2.6 ms)
2026-08-04 15:34:21  [INFO    ]  vdb_ui.api           │ → GET /api/logs/latest
2026-08-04 15:34:21  [INFO    ]  vdb_ui.api           │ ← GET /api/logs/latest → 200 (6.3 ms)
2026-08-04 15:34:23  [INFO    ]  vdb_ui.api           │ → GET /api/health
2026-08-04 15:34:23  [INFO    ]  vdb_ui.api           │ ← GET /api/health → 200 (1.8 ms)
2026-08-04 15:34:24  [INFO    ]  vdb_ui.api           │ → GET /api/logs/latest
2026-08-04 15:34:24  [INFO    ]  vdb_ui.api           │ ← GET /api/logs/latest → 200 (14.6 ms)
2026-08-04 15:34:27  [INFO    ]  vdb_ui.api           │ → GET /api/logs/latest
2026-08-04 15:34:27  [INFO    ]  vdb_ui.api           │ ← GET /api/logs/latest → 200 (8.6 ms)
2026-08-04 15:34:30  [INFO    ]  vdb_ui.api           │ → GET /api/logs/latest
2026-08-04 15:34:30  [INFO    ]  vdb_ui.api           │ ← GET /api/logs/latest → 200 (6.7 ms)
2026-08-04 15:34:33  [INFO    ]  vdb_ui.api           │ → GET /api/health
2026-08-04 15:34:33  [INFO    ]  vdb_ui.api           │ → GET /api/logs/latest
2026-08-04 15:34:33  [INFO    ]  vdb_ui.api           │ ← GET /api/health → 200 (9.4 ms)
2026-08-04 15:34:33  [INFO    ]  vdb_ui.api           │ ← GET /api/logs/latest → 200 (11.8 ms)
2026-08-04 15:34:36  [INFO    ]  vdb_ui.api           │ → GET /api/logs/latest
2026-08-04 15:34:36  [INFO    ]  vdb_ui.api           │ ← GET /api/logs/latest → 200 (6.1 ms)
2026-08-04 15:35:09  [INFO    ]  vdb_ui.api           │ → GET /api/logs/latest
2026-08-04 15:35:09  [INFO    ]  vdb_ui.api           │ → GET /api/health
2026-08-04 15:35:09  [INFO    ]  vdb_ui.api           │ ← GET /api/logs/latest → 200 (6.4 ms)
2026-08-04 15:35:09  [INFO    ]  vdb_ui.api           │ ← GET /api/health → 200 (4.3 ms)
2026-08-04 15:36:09  [INFO    ]  vdb_ui.api           │ → GET /api/logs/latest
2026-08-04 15:36:09  [INFO    ]  vdb_ui.api           │ ← GET /api/logs/latest → 200 (7.5 ms)
2026-08-04 15:36:09  [INFO    ]  vdb_ui.api           │ → GET /api/health
2026-08-04 15:36:09  [INFO    ]  vdb_ui.api           │ ← GET /api/health → 200 (2.6 ms)
2026-08-04 15:37:09  [INFO    ]  vdb_ui.api           │ → GET /api/logs/latest
2026-08-04 15:37:09  [INFO    ]  vdb_ui.api           │ ← GET /api/logs/latest → 200 (9.5 ms)
2026-08-04 15:37:09  [INFO    ]  vdb_ui.api           │ → GET /api/health
2026-08-04 15:37:09  [INFO    ]  vdb_ui.api           │ ← GET /api/health → 200 (8.9 ms)
2026-08-04 15:38:09  [INFO    ]  vdb_ui.api           │ → GET /api/logs/latest
2026-08-04 15:38:09  [INFO    ]  vdb_ui.api           │ ← GET /api/logs/latest → 200 (3.5 ms)
2026-08-04 15:38:09  [INFO    ]  vdb_ui.api           │ → GET /api/health
2026-08-04 15:38:09  [INFO    ]  vdb_ui.api           │ ← GET /api/health → 200 (1.3 ms)
2026-08-04 15:39:09  [INFO    ]  vdb_ui.api           │ → GET /api/logs/latest
2026-08-04 15:39:09  [INFO    ]  vdb_ui.api           │ ← GET /api/logs/latest → 200 (3.2 ms)
2026-08-04 15:39:09  [INFO    ]  vdb_ui.api           │ → GET /api/health
2026-08-04 15:39:09  [INFO    ]  vdb_ui.api           │ ← GET /api/health → 200 (1.3 ms)
2026-08-04 16:03:58  [INFO    ]  vdb_ui.api           │ → GET /api/logs/latest
2026-08-04 16:03:58  [INFO    ]  vdb_ui.api           │ → GET /api/health
2026-08-04 16:03:58  [INFO    ]  vdb_ui.api           │ ← GET /api/logs/latest → 200 (13.8 ms)
2026-08-04 16:03:58  [INFO    ]  vdb_ui.api           │ ← GET /api/health → 200 (5.5 ms)
2026-08-04 16:04:00  [INFO    ]  vdb_ui.api           │ → GET /api/logs/latest
2026-08-04 16:04:00  [INFO    ]  vdb_ui.api           │ ← GET /api/logs/latest → 200 (5.4 ms)
2026-08-04 16:04:03  [INFO    ]  vdb_ui.api           │ → GET /api/health
2026-08-04 16:04:03  [INFO    ]  vdb_ui.api           │ → GET /api/logs/latest
2026-08-04 16:04:03  [INFO    ]  vdb_ui.api           │ ← GET /api/health → 200 (18.2 ms)
2026-08-04 16:04:03  [INFO    ]  vdb_ui.api           │ ← GET /api/logs/latest → 200 (16.3 ms)
2026-08-04 16:04:06  [INFO    ]  vdb_ui.api           │ → GET /api/logs/latest
2026-08-04 16:04:06  [INFO    ]  vdb_ui.api           │ ← GET /api/logs/latest → 200 (7.2 ms)
2026-08-04 16:04:09  [INFO    ]  vdb_ui.api           │ → GET /api/logs/latest
2026-08-04 16:04:09  [INFO    ]  vdb_ui.api           │ ← GET /api/logs/latest → 200 (2.8 ms)
2026-08-04 16:04:12  [INFO    ]  vdb_ui.api           │ → GET /api/logs/latest
2026-08-04 16:04:12  [INFO    ]  vdb_ui.api           │ ← GET /api/logs/latest → 200 (6.9 ms)
2026-08-04 16:04:13  [INFO    ]  vdb_ui.api           │ → GET /api/health
2026-08-04 16:04:13  [INFO    ]  vdb_ui.api           │ ← GET /api/health → 200 (4.7 ms)
2026-08-04 16:04:15  [INFO    ]  vdb_ui.api           │ → GET /api/logs/latest
2026-08-04 16:04:15  [INFO    ]  vdb_ui.api           │ ← GET /api/logs/latest → 200 (2.9 ms)
2026-08-04 16:04:18  [INFO    ]  vdb_ui.api           │ → GET /api/logs/latest
2026-08-04 16:04:18  [INFO    ]  vdb_ui.api           │ ← GET /api/logs/latest → 200 (5.8 ms)
2026-08-04 16:04:21  [INFO    ]  vdb_ui.api           │ → GET /api/logs/latest
2026-08-04 16:04:21  [INFO    ]  vdb_ui.api           │ ← GET /api/logs/latest → 200 (8.5 ms)
2026-08-04 16:04:23  [INFO    ]  vdb_ui.api           │ → GET /api/health
2026-08-04 16:04:23  [INFO    ]  vdb_ui.api           │ ← GET /api/health → 200 (6.9 ms)
2026-08-04 16:04:24  [INFO    ]  vdb_ui.api           │ → GET /api/logs/latest
2026-08-04 16:04:24  [INFO    ]  vdb_ui.api           │ ← GET /api/logs/latest → 200 (2.9 ms)
2026-08-04 16:04:27  [INFO    ]  vdb_ui.api           │ → GET /api/logs/latest
2026-08-04 16:04:27  [INFO    ]  vdb_ui.api           │ ← GET /api/logs/latest → 200 (4.1 ms)
2026-08-04 16:04:30  [INFO    ]  vdb_ui.api           │ → GET /api/logs/latest
2026-08-04 16:04:30  [INFO    ]  vdb_ui.api           │ ← GET /api/logs/latest → 200 (2.4 ms)
2026-08-04 16:04:33  [INFO    ]  vdb_ui.api           │ → GET /api/health
2026-08-04 16:04:33  [INFO    ]  vdb_ui.api           │ ← GET /api/health → 200 (6.0 ms)
2026-08-04 16:04:33  [INFO    ]  vdb_ui.api           │ → GET /api/logs/latest
2026-08-04 16:04:33  [INFO    ]  vdb_ui.api           │ ← GET /api/logs/latest → 200 (6.0 ms)
2026-08-04 16:04:36  [INFO    ]  vdb_ui.api           │ → GET /api/logs/latest
2026-08-04 16:04:36  [INFO    ]  vdb_ui.api           │ ← GET /api/logs/latest → 200 (3.7 ms)
2026-08-04 16:04:39  [INFO    ]  vdb_ui.api           │ → GET /api/logs/latest
2026-08-04 16:04:39  [INFO    ]  vdb_ui.api           │ ← GET /api/logs/latest → 200 (4.1 ms)
2026-08-04 16:04:42  [INFO    ]  vdb_ui.api           │ → GET /api/logs/latest
2026-08-04 16:04:42  [INFO    ]  vdb_ui.api           │ ← GET /api/logs/latest → 200 (5.8 ms)
2026-08-04 16:04:43  [INFO    ]  vdb_ui.api           │ → GET /api/health
2026-08-04 16:04:43  [INFO    ]  vdb_ui.api           │ ← GET /api/health → 200 (16.8 ms)
2026-08-04 16:04:45  [INFO    ]  vdb_ui.api           │ → GET /api/logs/latest
2026-08-04 16:04:45  [INFO    ]  vdb_ui.api           │ ← GET /api/logs/latest → 200 (2.8 ms)
2026-08-04 16:04:48  [INFO    ]  vdb_ui.api           │ → GET /api/logs/latest
2026-08-04 16:04:48  [INFO    ]  vdb_ui.api           │ ← GET /api/logs/latest → 200 (1.7 ms)
2026-08-04 16:04:51  [INFO    ]  vdb_ui.api           │ → GET /api/logs/latest
2026-08-04 16:04:51  [INFO    ]  vdb_ui.api           │ ← GET /api/logs/latest → 200 (2.3 ms)
2026-08-04 16:04:53  [INFO    ]  vdb_ui.api           │ → GET /api/health
2026-08-04 16:04:53  [INFO    ]  vdb_ui.api           │ ← GET /api/health → 200 (0.8 ms)
2026-08-04 16:04:54  [INFO    ]  vdb_ui.api           │ → GET /api/logs/latest
2026-08-04 16:04:54  [INFO    ]  vdb_ui.api           │ ← GET /api/logs/latest → 200 (2.6 ms)
2026-08-04 16:04:57  [INFO    ]  vdb_ui.api           │ → GET /api/logs/latest
2026-08-04 16:04:57  [INFO    ]  vdb_ui.api           │ ← GET /api/logs/latest → 200 (1.6 ms)
2026-08-04 16:05:00  [INFO    ]  vdb_ui.api           │ → GET /api/logs/latest
2026-08-04 16:05:00  [INFO    ]  vdb_ui.api           │ ← GET /api/logs/latest → 200 (2.0 ms)
2026-08-04 16:05:03  [INFO    ]  vdb_ui.api           │ → GET /api/health
2026-08-04 16:05:03  [INFO    ]  vdb_ui.api           │ → GET /api/logs/latest
2026-08-04 16:05:03  [INFO    ]  vdb_ui.api           │ ← GET /api/health → 200 (3.8 ms)
2026-08-04 16:05:03  [INFO    ]  vdb_ui.api           │ ← GET /api/logs/latest → 200 (4.2 ms)
2026-08-04 16:05:06  [INFO    ]  vdb_ui.api           │ → GET /api/logs/latest
2026-08-04 16:05:06  [INFO    ]  vdb_ui.api           │ ← GET /api/logs/latest → 200 (5.8 ms)
2026-08-04 16:05:09  [INFO    ]  vdb_ui.api           │ → GET /api/logs/latest
2026-08-04 16:05:09  [INFO    ]  vdb_ui.api           │ ← GET /api/logs/latest → 200 (2.8 ms)
2026-08-04 16:05:12  [INFO    ]  vdb_ui.api           │ → GET /api/logs/latest
2026-08-04 16:05:12  [INFO    ]  vdb_ui.api           │ ← GET /api/logs/latest → 200 (1.8 ms)
2026-08-04 16:05:13  [INFO    ]  vdb_ui.api           │ → GET /api/health
2026-08-04 16:05:13  [INFO    ]  vdb_ui.api           │ ← GET /api/health → 200 (1.2 ms)
2026-08-04 16:05:15  [INFO    ]  vdb_ui.api           │ → GET /api/logs/latest
2026-08-04 16:05:15  [INFO    ]  vdb_ui.api           │ ← GET /api/logs/latest → 200 (2.6 ms)
2026-08-04 16:05:18  [INFO    ]  vdb_ui.api           │ → GET /api/logs/latest
2026-08-04 16:05:18  [INFO    ]  vdb_ui.api           │ ← GET /api/logs/latest → 200 (2.1 ms)
2026-08-04 16:05:21  [INFO    ]  vdb_ui.api           │ → GET /api/logs/latest
2026-08-04 16:05:21  [INFO    ]  vdb_ui.api           │ ← GET /api/logs/latest → 200 (2.2 ms)
2026-08-04 16:05:23  [INFO    ]  vdb_ui.api           │ → GET /api/health
2026-08-04 16:05:23  [INFO    ]  vdb_ui.api           │ ← GET /api/health → 200 (1.2 ms)
2026-08-04 16:05:24  [INFO    ]  vdb_ui.api           │ → GET /api/logs/latest
2026-08-04 16:05:24  [INFO    ]  vdb_ui.api           │ ← GET /api/logs/latest → 200 (1.5 ms)
2026-08-04 16:05:27  [INFO    ]  vdb_ui.api           │ → GET /api/logs/latest
2026-08-04 16:05:27  [INFO    ]  vdb_ui.api           │ ← GET /api/logs/latest → 200 (2.4 ms)
2026-08-04 16:05:30  [INFO    ]  vdb_ui.api           │ → GET /api/logs/latest
2026-08-04 16:05:30  [INFO    ]  vdb_ui.api           │ ← GET /api/logs/latest → 200 (2.0 ms)
2026-08-04 16:05:33  [INFO    ]  vdb_ui.api           │ → GET /api/health
2026-08-04 16:05:33  [INFO    ]  vdb_ui.api           │ ← GET /api/health → 200 (0.9 ms)
2026-08-04 16:05:33  [INFO    ]  vdb_ui.api           │ → GET /api/logs/latest
2026-08-04 16:05:33  [INFO    ]  vdb_ui.api           │ ← GET /api/logs/latest → 200 (1.4 ms)
2026-08-04 16:05:36  [INFO    ]  vdb_ui.api           │ → GET /api/logs/latest
2026-08-04 16:05:36  [INFO    ]  vdb_ui.api           │ ← GET /api/logs/latest → 200 (2.4 ms)
2026-08-04 16:05:39  [INFO    ]  vdb_ui.api           │ → GET /api/logs/latest
2026-08-04 16:05:39  [INFO    ]  vdb_ui.api           │ ← GET /api/logs/latest → 200 (3.1 ms)
2026-08-04 16:05:42  [INFO    ]  vdb_ui.api           │ → GET /api/logs/latest
2026-08-04 16:05:42  [INFO    ]  vdb_ui.api           │ ← GET /api/logs/latest → 200 (2.2 ms)
2026-08-04 16:05:43  [INFO    ]  vdb_ui.api           │ → GET /api/health
2026-08-04 16:05:43  [INFO    ]  vdb_ui.api           │ ← GET /api/health → 200 (1.0 ms)
2026-08-04 16:05:45  [INFO    ]  vdb_ui.api           │ → GET /api/logs/latest
2026-08-04 16:05:45  [INFO    ]  vdb_ui.api           │ ← GET /api/logs/latest → 200 (2.1 ms)
2026-08-04 16:06:09  [INFO    ]  vdb_ui.api           │ → GET /api/logs/latest
2026-08-04 16:06:09  [INFO    ]  vdb_ui.api           │ ← GET /api/logs/latest → 200 (1.8 ms)
2026-08-04 16:06:09  [INFO    ]  vdb_ui.api           │ → GET /api/health
2026-08-04 16:06:09  [INFO    ]  vdb_ui.api           │ ← GET /api/health → 200 (0.8 ms)
2026-08-04 16:07:09  [INFO    ]  vdb_ui.api           │ → GET /api/logs/latest
2026-08-04 16:07:09  [INFO    ]  vdb_ui.api           │ ← GET /api/logs/latest → 200 (2.3 ms)
2026-08-04 16:07:09  [INFO    ]  vdb_ui.api           │ → GET /api/health
2026-08-04 16:07:09  [INFO    ]  vdb_ui.api           │ ← GET /api/health → 200 (0.7 ms)
2026-08-04 16:08:09  [INFO    ]  vdb_ui.api           │ → GET /api/logs/latest
2026-08-04 16:08:09  [INFO    ]  vdb_ui.api           │ ← GET /api/logs/latest → 200 (3.8 ms)
2026-08-04 16:08:09  [INFO    ]  vdb_ui.api           │ → GET /api/health
2026-08-04 16:08:09  [INFO    ]  vdb_ui.api           │ ← GET /api/health → 200 (2.5 ms)
2026-08-04 16:08:14  [INFO    ]  vdb_ui.api           │ → GET /api/logs/latest
2026-08-04 16:08:14  [INFO    ]  vdb_ui.api           │ ← GET /api/logs/latest → 200 (3.2 ms)
2026-08-04 16:08:14  [INFO    ]  vdb_ui.api           │ → GET /api/health
2026-08-04 16:08:15  [INFO    ]  vdb_ui.api           │ ← GET /api/health → 200 (1.8 ms)
2026-08-04 16:08:15  [INFO    ]  vdb_ui.api           │ → GET /api/logs/latest
2026-08-04 16:08:15  [INFO    ]  vdb_ui.api           │ ← GET /api/logs/latest → 200 (2.4 ms)
2026-08-04 16:08:18  [INFO    ]  vdb_ui.api           │ → GET /api/logs/latest
2026-08-04 16:08:18  [INFO    ]  vdb_ui.api           │ ← GET /api/logs/latest → 200 (3.0 ms)
2026-08-04 16:08:21  [INFO    ]  vdb_ui.api           │ → GET /api/logs/latest
2026-08-04 16:08:21  [INFO    ]  vdb_ui.api           │ ← GET /api/logs/latest → 200 (4.5 ms)
2026-08-04 16:08:23  [INFO    ]  vdb_ui.api           │ → GET /api/health
2026-08-04 16:08:23  [INFO    ]  vdb_ui.api           │ ← GET /api/health → 200 (1.6 ms)
2026-08-04 16:08:24  [INFO    ]  vdb_ui.api           │ → GET /api/logs/latest
2026-08-04 16:08:24  [INFO    ]  vdb_ui.api           │ ← GET /api/logs/latest → 200 (2.8 ms)
2026-08-04 16:08:27  [INFO    ]  vdb_ui.api           │ → GET /api/logs/latest
2026-08-04 16:08:27  [INFO    ]  vdb_ui.api           │ ← GET /api/logs/latest → 200 (3.0 ms)
2026-08-04 16:08:30  [INFO    ]  vdb_ui.api           │ → GET /api/logs/latest
2026-08-04 16:08:30  [INFO    ]  vdb_ui.api           │ ← GET /api/logs/latest → 200 (2.8 ms)
2026-08-04 16:08:33  [INFO    ]  vdb_ui.api           │ → GET /api/health
2026-08-04 16:08:33  [INFO    ]  vdb_ui.api           │ → GET /api/logs/latest
2026-08-04 16:08:33  [INFO    ]  vdb_ui.api           │ ← GET /api/health → 200 (4.5 ms)
2026-08-04 16:08:33  [INFO    ]  vdb_ui.api           │ ← GET /api/logs/latest → 200 (5.4 ms)
2026-08-04 16:08:36  [INFO    ]  vdb_ui.api           │ → GET /api/logs/latest
2026-08-04 16:08:36  [INFO    ]  vdb_ui.api           │ ← GET /api/logs/latest → 200 (3.3 ms)
2026-08-04 16:08:39  [INFO    ]  vdb_ui.api           │ → GET /api/logs/latest
2026-08-04 16:08:39  [INFO    ]  vdb_ui.api           │ ← GET /api/logs/latest → 200 (3.2 ms)
2026-08-04 16:08:42  [INFO    ]  vdb_ui.api           │ → OPTIONS /api/query
2026-08-04 16:08:42  [INFO    ]  vdb_ui.api           │ ← OPTIONS /api/query → 200 (9.2 ms)
2026-08-04 16:08:42  [INFO    ]  vdb_ui.api           │ → POST /api/query
2026-08-04 16:08:42  [INFO    ]  vdb_ui.api           │ → GET /api/logs/latest
2026-08-04 16:08:42  [INFO    ]  vdb_ui.api           │ ← GET /api/logs/latest → 200 (6.1 ms)
2026-08-04 16:08:43  [INFO    ]  vdb_ui.api           │ → GET /api/health
2026-08-04 16:08:43  [INFO    ]  vdb_ui.api           │ ← GET /api/health → 200 (1.7 ms)
2026-08-04 16:08:45  [INFO    ]  vdb_ui.api           │ → GET /api/logs/latest
2026-08-04 16:08:45  [INFO    ]  vdb_ui.api           │ ← GET /api/logs/latest → 200 (3.3 ms)
2026-08-04 16:08:45  [INFO    ]  vdb_ui.api           │ ← POST /api/query → 200 (3291.7 ms)
2026-08-04 16:08:48  [INFO    ]  vdb_ui.api           │ → GET /api/logs/latest
2026-08-04 16:08:48  [INFO    ]  vdb_ui.api           │ ← GET /api/logs/latest → 200 (5.9 ms)
2026-08-04 16:08:51  [INFO    ]  vdb_ui.api           │ → GET /api/logs/latest
2026-08-04 16:08:51  [INFO    ]  vdb_ui.api           │ ← GET /api/logs/latest → 200 (3.6 ms)
2026-08-04 16:08:53  [INFO    ]  vdb_ui.api           │ → GET /api/health
2026-08-04 16:08:53  [INFO    ]  vdb_ui.api           │ ← GET /api/health → 200 (1.7 ms)
2026-08-04 16:08:54  [INFO    ]  vdb_ui.api           │ → GET /api/logs/latest
2026-08-04 16:08:54  [INFO    ]  vdb_ui.api           │ ← GET /api/logs/latest → 200 (2.9 ms)
2026-08-04 16:08:57  [INFO    ]  vdb_ui.api           │ → GET /api/logs/latest
2026-08-04 16:08:57  [INFO    ]  vdb_ui.api           │ ← GET /api/logs/latest → 200 (2.8 ms)
2026-08-04 16:09:00  [INFO    ]  vdb_ui.api           │ → GET /api/logs/latest
2026-08-04 16:09:00  [INFO    ]  vdb_ui.api           │ ← GET /api/logs/latest → 200 (3.4 ms)
2026-08-04 16:09:03  [INFO    ]  vdb_ui.api           │ → GET /api/health
2026-08-04 16:09:03  [INFO    ]  vdb_ui.api           │ → GET /api/logs/latest
2026-08-04 16:09:03  [INFO    ]  vdb_ui.api           │ ← GET /api/health → 200 (9.3 ms)
2026-08-04 16:09:03  [INFO    ]  vdb_ui.api           │ ← GET /api/logs/latest → 200 (7.1 ms)
2026-08-04 16:09:04  [INFO    ]  vdb_ui.api           │ → OPTIONS /api/build
2026-08-04 16:09:04  [INFO    ]  vdb_ui.api           │ ← OPTIONS /api/build → 200 (1.4 ms)
2026-08-04 16:09:04  [INFO    ]  vdb_ui.api           │ → POST /api/build
2026-08-04 16:09:06  [INFO    ]  vdb_ui.api           │ → GET /api/logs/latest
2026-08-04 16:09:06  [INFO    ]  vdb_ui.api           │ ← GET /api/logs/latest → 200 (9.0 ms)
2026-08-04 16:09:09  [INFO    ]  vdb_ui.api           │ → GET /api/logs/latest
2026-08-04 16:09:09  [INFO    ]  vdb_ui.api           │ ← GET /api/logs/latest → 200 (4.4 ms)
2026-08-04 16:09:09  [INFO    ]  vdb_ui.api           │ ← POST /api/build → 200 (5741.7 ms)
2026-08-04 16:09:12  [INFO    ]  vdb_ui.api           │ → GET /api/logs/latest
2026-08-04 16:09:12  [INFO    ]  vdb_ui.api           │ ← GET /api/logs/latest → 200 (2.4 ms)
2026-08-04 16:09:13  [INFO    ]  vdb_ui.api           │ → GET /api/health
2026-08-04 16:09:13  [INFO    ]  vdb_ui.api           │ ← GET /api/health → 200 (1.5 ms)
2026-08-04 16:09:14  [INFO    ]  vdb_ui.api           │ → OPTIONS /api/query
2026-08-04 16:09:14  [INFO    ]  vdb_ui.api           │ ← OPTIONS /api/query → 200 (0.9 ms)
2026-08-04 16:09:14  [INFO    ]  vdb_ui.api           │ → POST /api/query
2026-08-04 16:09:14  [INFO    ]  vdb_ui.api           │ ← POST /api/query → 200 (223.5 ms)
2026-08-04 16:09:15  [INFO    ]  vdb_ui.api           │ → GET /api/logs/latest
2026-08-04 16:09:15  [INFO    ]  vdb_ui.api           │ ← GET /api/logs/latest → 200 (3.8 ms)
2026-08-04 16:09:18  [INFO    ]  vdb_ui.api           │ → GET /api/logs/latest
2026-08-04 16:09:18  [INFO    ]  vdb_ui.api           │ ← GET /api/logs/latest → 200 (2.6 ms)
2026-08-04 16:09:21  [INFO    ]  vdb_ui.api           │ → GET /api/logs/latest
2026-08-04 16:09:21  [INFO    ]  vdb_ui.api           │ ← GET /api/logs/latest → 200 (7.3 ms)
2026-08-04 16:09:23  [INFO    ]  vdb_ui.api           │ → GET /api/health
2026-08-04 16:09:23  [INFO    ]  vdb_ui.api           │ ← GET /api/health → 200 (1.4 ms)
2026-08-04 16:09:24  [INFO    ]  vdb_ui.api           │ → GET /api/logs/latest
2026-08-04 16:09:24  [INFO    ]  vdb_ui.api           │ ← GET /api/logs/latest → 200 (2.5 ms)
2026-08-04 16:09:26  [INFO    ]  vdb_ui.api           │ → OPTIONS /api/query
2026-08-04 16:09:26  [INFO    ]  vdb_ui.api           │ ← OPTIONS /api/query → 200 (0.6 ms)
2026-08-04 16:09:26  [INFO    ]  vdb_ui.api           │ → POST /api/query
2026-08-04 16:09:27  [INFO    ]  vdb_ui.api           │ → GET /api/logs/latest
2026-08-04 16:09:27  [INFO    ]  vdb_ui.api           │ ← GET /api/logs/latest → 200 (3.5 ms)
2026-08-04 16:09:28  [INFO    ]  vdb_ui.api           │ ← POST /api/query → 200 (2223.7 ms)
2026-08-04 16:09:30  [INFO    ]  vdb_ui.api           │ → GET /api/logs/latest
2026-08-04 16:09:30  [INFO    ]  vdb_ui.api           │ ← GET /api/logs/latest → 200 (3.1 ms)
2026-08-04 16:09:33  [INFO    ]  vdb_ui.api           │ → GET /api/health
2026-08-04 16:09:33  [INFO    ]  vdb_ui.api           │ ← GET /api/health → 200 (1.6 ms)
2026-08-04 16:09:33  [INFO    ]  vdb_ui.api           │ → GET /api/logs/latest
2026-08-04 16:09:33  [INFO    ]  vdb_ui.api           │ ← GET /api/logs/latest → 200 (2.3 ms)
2026-08-04 16:09:36  [INFO    ]  vdb_ui.api           │ → GET /api/logs/latest
2026-08-04 16:09:36  [INFO    ]  vdb_ui.api           │ ← GET /api/logs/latest → 200 (2.8 ms)
2026-08-04 16:09:37  [INFO    ]  vdb_ui.api           │ → OPTIONS /api/build
2026-08-04 16:09:37  [INFO    ]  vdb_ui.api           │ ← OPTIONS /api/build → 200 (0.8 ms)
2026-08-04 16:09:37  [INFO    ]  vdb_ui.api           │ → POST /api/build
2026-08-04 16:09:39  [INFO    ]  vdb_ui.api           │ → GET /api/logs/latest
2026-08-04 16:09:39  [INFO    ]  vdb_ui.api           │ ← GET /api/logs/latest → 200 (3.4 ms)
2026-08-04 16:09:42  [INFO    ]  vdb_ui.api           │ → GET /api/logs/latest
2026-08-04 16:09:42  [INFO    ]  vdb_ui.api           │ ← GET /api/logs/latest → 200 (3.2 ms)
2026-08-04 16:09:42  [INFO    ]  vdb_ui.api           │ ← POST /api/build → 200 (5408.4 ms)
2026-08-04 16:09:43  [INFO    ]  vdb_ui.api           │ → GET /api/health
2026-08-04 16:09:43  [INFO    ]  vdb_ui.api           │ ← GET /api/health → 200 (1.4 ms)
2026-08-04 16:09:45  [INFO    ]  vdb_ui.api           │ → GET /api/logs/latest
2026-08-04 16:09:45  [INFO    ]  vdb_ui.api           │ ← GET /api/logs/latest → 200 (2.9 ms)
2026-08-04 16:09:48  [INFO    ]  vdb_ui.api           │ → GET /api/logs/latest
2026-08-04 16:09:48  [INFO    ]  vdb_ui.api           │ ← GET /api/logs/latest → 200 (3.1 ms)
2026-08-04 16:09:48  [INFO    ]  vdb_ui.api           │ → OPTIONS /api/query
2026-08-04 16:09:48  [INFO    ]  vdb_ui.api           │ ← OPTIONS /api/query → 200 (1.0 ms)
2026-08-04 16:09:48  [INFO    ]  vdb_ui.api           │ → POST /api/query
2026-08-04 16:09:50  [INFO    ]  vdb_ui.api           │ ← POST /api/query → 200 (2253.4 ms)
2026-08-04 16:09:51  [INFO    ]  vdb_ui.api           │ → GET /api/logs/latest
2026-08-04 16:09:51  [INFO    ]  vdb_ui.api           │ ← GET /api/logs/latest → 200 (4.2 ms)
2026-08-04 16:09:53  [INFO    ]  vdb_ui.api           │ → GET /api/health
2026-08-04 16:09:53  [INFO    ]  vdb_ui.api           │ ← GET /api/health → 200 (1.3 ms)
2026-08-04 16:09:54  [INFO    ]  vdb_ui.api           │ → GET /api/logs/latest
2026-08-04 16:09:54  [INFO    ]  vdb_ui.api           │ ← GET /api/logs/latest → 200 (1.8 ms)
2026-08-04 16:09:57  [INFO    ]  vdb_ui.api           │ → GET /api/logs/latest
2026-08-04 16:09:57  [INFO    ]  vdb_ui.api           │ ← GET /api/logs/latest → 200 (2.9 ms)
2026-08-04 16:10:00  [INFO    ]  vdb_ui.api           │ → GET /api/logs/latest
2026-08-04 16:10:00  [INFO    ]  vdb_ui.api           │ ← GET /api/logs/latest → 200 (2.2 ms)
2026-08-04 16:10:03  [INFO    ]  vdb_ui.api           │ → GET /api/health
2026-08-04 16:10:03  [INFO    ]  vdb_ui.api           │ → GET /api/logs/latest
2026-08-04 16:10:03  [INFO    ]  vdb_ui.api           │ ← GET /api/health → 200 (1.9 ms)
2026-08-04 16:10:03  [INFO    ]  vdb_ui.api           │ ← GET /api/logs/latest → 200 (2.6 ms)
2026-08-04 16:10:06  [INFO    ]  vdb_ui.api           │ → GET /api/logs/latest
2026-08-04 16:10:06  [INFO    ]  vdb_ui.api           │ ← GET /api/logs/latest → 200 (3.8 ms)
2026-08-04 16:10:09  [INFO    ]  vdb_ui.api           │ → GET /api/logs/latest
2026-08-04 16:10:09  [INFO    ]  vdb_ui.api           │ ← GET /api/logs/latest → 200 (1.6 ms)
2026-08-04 16:10:12  [INFO    ]  vdb_ui.api           │ → GET /api/logs/latest
2026-08-04 16:10:12  [INFO    ]  vdb_ui.api           │ ← GET /api/logs/latest → 200 (1.6 ms)
2026-08-04 16:10:13  [INFO    ]  vdb_ui.api           │ → GET /api/health
2026-08-04 16:10:13  [INFO    ]  vdb_ui.api           │ ← GET /api/health → 200 (1.3 ms)
2026-08-04 16:10:15  [INFO    ]  vdb_ui.api           │ → GET /api/logs/latest
2026-08-04 16:10:15  [INFO    ]  vdb_ui.api           │ ← GET /api/logs/latest → 200 (2.4 ms)
2026-08-04 16:10:18  [INFO    ]  vdb_ui.api           │ → GET /api/logs/latest
2026-08-04 16:10:18  [INFO    ]  vdb_ui.api           │ ← GET /api/logs/latest → 200 (2.3 ms)
2026-08-04 16:10:21  [INFO    ]  vdb_ui.api           │ → GET /api/logs/latest
2026-08-04 16:10:21  [INFO    ]  vdb_ui.api           │ ← GET /api/logs/latest → 200 (1.6 ms)
2026-08-04 16:10:23  [INFO    ]  vdb_ui.api           │ → GET /api/health
2026-08-04 16:10:23  [INFO    ]  vdb_ui.api           │ ← GET /api/health → 200 (0.9 ms)
2026-08-04 16:10:24  [INFO    ]  vdb_ui.api           │ → GET /api/logs/latest
2026-08-04 16:10:24  [INFO    ]  vdb_ui.api           │ ← GET /api/logs/latest → 200 (2.1 ms)
2026-08-04 16:10:27  [INFO    ]  vdb_ui.api           │ → GET /api/logs/latest
2026-08-04 16:10:27  [INFO    ]  vdb_ui.api           │ ← GET /api/logs/latest → 200 (2.9 ms)
2026-08-04 16:10:30  [INFO    ]  vdb_ui.api           │ → GET /api/logs/latest
2026-08-04 16:10:30  [INFO    ]  vdb_ui.api           │ ← GET /api/logs/latest → 200 (2.7 ms)
2026-08-04 16:10:33  [INFO    ]  vdb_ui.api           │ → GET /api/health
2026-08-04 16:10:33  [INFO    ]  vdb_ui.api           │ ← GET /api/health → 200 (1.0 ms)
2026-08-04 16:10:33  [INFO    ]  vdb_ui.api           │ → GET /api/logs/latest
2026-08-04 16:10:33  [INFO    ]  vdb_ui.api           │ ← GET /api/logs/latest → 200 (1.4 ms)
2026-08-04 16:10:36  [INFO    ]  vdb_ui.api           │ → GET /api/logs/latest
2026-08-04 16:10:36  [INFO    ]  vdb_ui.api           │ ← GET /api/logs/latest → 200 (2.8 ms)
2026-08-04 16:10:39  [INFO    ]  vdb_ui.api           │ → GET /api/logs/latest
2026-08-04 16:10:39  [INFO    ]  vdb_ui.api           │ ← GET /api/logs/latest → 200 (2.3 ms)
2026-08-04 16:10:42  [INFO    ]  vdb_ui.api           │ → GET /api/logs/latest
2026-08-04 16:10:42  [INFO    ]  vdb_ui.api           │ ← GET /api/logs/latest → 200 (2.2 ms)
2026-08-04 16:10:43  [INFO    ]  vdb_ui.api           │ → GET /api/health
2026-08-04 16:10:43  [INFO    ]  vdb_ui.api           │ ← GET /api/health → 200 (0.9 ms)
2026-08-04 16:10:45  [INFO    ]  vdb_ui.api           │ → GET /api/logs/latest
2026-08-04 16:10:45  [INFO    ]  vdb_ui.api           │ ← GET /api/logs/latest → 200 (1.7 ms)
2026-08-04 16:10:48  [INFO    ]  vdb_ui.api           │ → GET /api/logs/latest
2026-08-04 16:10:48  [INFO    ]  vdb_ui.api           │ ← GET /api/logs/latest → 200 (2.5 ms)
2026-08-04 16:10:51  [INFO    ]  vdb_ui.api           │ → GET /api/logs/latest
2026-08-04 16:10:51  [INFO    ]  vdb_ui.api           │ ← GET /api/logs/latest → 200 (1.8 ms)
2026-08-04 16:10:53  [INFO    ]  vdb_ui.api           │ → GET /api/health
2026-08-04 16:10:53  [INFO    ]  vdb_ui.api           │ ← GET /api/health → 200 (0.8 ms)
2026-08-04 16:10:54  [INFO    ]  vdb_ui.api           │ → GET /api/logs/latest
2026-08-04 16:10:54  [INFO    ]  vdb_ui.api           │ ← GET /api/logs/latest → 200 (2.1 ms)
2026-08-04 16:10:57  [INFO    ]  vdb_ui.api           │ → GET /api/logs/latest
2026-08-04 16:10:57  [INFO    ]  vdb_ui.api           │ ← GET /api/logs/latest → 200 (1.6 ms)
2026-08-04 16:11:09  [INFO    ]  vdb_ui.api           │ → GET /api/logs/latest
2026-08-04 16:11:09  [INFO    ]  vdb_ui.api           │ ← GET /api/logs/latest → 200 (1.7 ms)
2026-08-04 16:11:09  [INFO    ]  vdb_ui.api           │ → GET /api/health
2026-08-04 16:11:09  [INFO    ]  vdb_ui.api           │ ← GET /api/health → 200 (0.6 ms)
2026-08-04 16:12:09  [INFO    ]  vdb_ui.api           │ → GET /api/logs/latest
2026-08-04 16:12:09  [INFO    ]  vdb_ui.api           │ ← GET /api/logs/latest → 200 (1.6 ms)
2026-08-04 16:12:09  [INFO    ]  vdb_ui.api           │ → GET /api/health
2026-08-04 16:12:09  [INFO    ]  vdb_ui.api           │ ← GET /api/health → 200 (0.7 ms)
2026-08-04 16:13:09  [INFO    ]  vdb_ui.api           │ → GET /api/logs/latest
2026-08-04 16:13:09  [INFO    ]  vdb_ui.api           │ ← GET /api/logs/latest → 200 (2.1 ms)
2026-08-04 16:13:09  [INFO    ]  vdb_ui.api           │ → GET /api/health
2026-08-04 16:13:09  [INFO    ]  vdb_ui.api           │ ← GET /api/health → 200 (0.8 ms)
2026-08-04 16:14:09  [INFO    ]  vdb_ui.api           │ → GET /api/logs/latest
2026-08-04 16:14:09  [INFO    ]  vdb_ui.api           │ ← GET /api/logs/latest → 200 (2.5 ms)
2026-08-04 16:14:09  [INFO    ]  vdb_ui.api           │ → GET /api/health
2026-08-04 16:14:09  [INFO    ]  vdb_ui.api           │ ← GET /api/health → 200 (0.8 ms)
2026-08-04 16:14:54  [INFO    ]  vdb_ui.api           │ ======================================================================
2026-08-04 16:14:54  [INFO    ]  vdb_ui.api           │ Vector DB Showdown UI — starting up
2026-08-04 16:14:54  [INFO    ]  vdb_ui.api           │ Engine dir     : C:\AI Agent study\VectorDB_Showdown
2026-08-04 16:14:54  [INFO    ]  vdb_ui.api           │ Engine log file: C:\AI Agent study\VectorDB_Showdown\logs\vectordb_showdown_2026-08-04.log
2026-08-04 16:14:54  [INFO    ]  vdb_ui.api           │ ======================================================================
2026-08-04 16:14:55  [INFO    ]  vdb_ui.api           │ ======================================================================
2026-08-04 16:14:55  [INFO    ]  vdb_ui.api           │ Vector DB Showdown UI — starting up
2026-08-04 16:14:55  [INFO    ]  vdb_ui.api           │ Engine dir     : C:\AI Agent study\VectorDB_Showdown
2026-08-04 16:14:55  [INFO    ]  vdb_ui.api           │ Engine log file: C:\AI Agent study\VectorDB_Showdown\logs\vectordb_showdown_2026-08-04.log
2026-08-04 16:14:55  [INFO    ]  vdb_ui.api           │ ======================================================================
2026-08-04 16:15:09  [INFO    ]  vdb_ui.api           │ → GET /api/logs/latest
2026-08-04 16:15:09  [INFO    ]  vdb_ui.api           │ → GET /api/health
2026-08-04 16:15:09  [INFO    ]  vdb_ui.api           │ ← GET /api/health → 200 (2.1 ms)
2026-08-04 16:15:09  [INFO    ]  vdb_ui.api           │ ← GET /api/logs/latest → 200 (4.4 ms)
2026-08-04 16:15:19  [INFO    ]  vdb_ui.api           │ ======================================================================
2026-08-04 16:15:19  [INFO    ]  vdb_ui.api           │ Vector DB Showdown UI — starting up
2026-08-04 16:15:19  [INFO    ]  vdb_ui.api           │ Engine dir     : C:\AI Agent study\VectorDB_Showdown
2026-08-04 16:15:19  [INFO    ]  vdb_ui.api           │ Engine log file: C:\AI Agent study\VectorDB_Showdown\logs\vectordb_showdown_2026-08-04.log
2026-08-04 16:15:19  [INFO    ]  vdb_ui.api           │ ======================================================================
2026-08-04 16:15:30  [INFO    ]  vdb_ui.api           │ ======================================================================
2026-08-04 16:15:30  [INFO    ]  vdb_ui.api           │ Vector DB Showdown UI — starting up
2026-08-04 16:15:30  [INFO    ]  vdb_ui.api           │ Engine dir     : C:\AI Agent study\VectorDB_Showdown
2026-08-04 16:15:30  [INFO    ]  vdb_ui.api           │ Engine log file: C:\AI Agent study\VectorDB_Showdown\logs\vectordb_showdown_2026-08-04.log
2026-08-04 16:15:30  [INFO    ]  vdb_ui.api           │ ======================================================================
2026-08-04 16:15:56  [INFO    ]  vdb_ui.api           │ ======================================================================
2026-08-04 16:15:56  [INFO    ]  vdb_ui.api           │ Vector DB Showdown UI — starting up
2026-08-04 16:15:56  [INFO    ]  vdb_ui.api           │ Engine dir     : C:\AI Agent study\VectorDB_Showdown
2026-08-04 16:15:56  [INFO    ]  vdb_ui.api           │ Engine log file: C:\AI Agent study\VectorDB_Showdown\logs\vectordb_showdown_2026-08-04.log
2026-08-04 16:15:56  [INFO    ]  vdb_ui.api           │ ======================================================================
2026-08-04 16:15:57  [INFO    ]  vdb_ui.api           │ ======================================================================
2026-08-04 16:15:57  [INFO    ]  vdb_ui.api           │ Vector DB Showdown UI — starting up
2026-08-04 16:15:57  [INFO    ]  vdb_ui.api           │ Engine dir     : C:\AI Agent study\VectorDB_Showdown
2026-08-04 16:15:57  [INFO    ]  vdb_ui.api           │ Engine log file: C:\AI Agent study\VectorDB_Showdown\logs\vectordb_showdown_2026-08-04.log
2026-08-04 16:15:57  [INFO    ]  vdb_ui.api           │ ======================================================================
2026-08-04 16:16:05  [INFO    ]  vdb_ui.api           │ ======================================================================
2026-08-04 16:16:05  [INFO    ]  vdb_ui.api           │ Vector DB Showdown UI — starting up
2026-08-04 16:16:05  [INFO    ]  vdb_ui.api           │ Engine dir     : C:\AI Agent study\VectorDB_Showdown
2026-08-04 16:16:05  [INFO    ]  vdb_ui.api           │ Engine log file: C:\AI Agent study\VectorDB_Showdown\logs\vectordb_showdown_2026-08-04.log
2026-08-04 16:16:05  [INFO    ]  vdb_ui.api           │ ======================================================================
2026-08-04 16:16:09  [INFO    ]  vdb_ui.api           │ → GET /api/logs/latest
2026-08-04 16:16:09  [INFO    ]  vdb_ui.api           │ → GET /api/health
2026-08-04 16:16:09  [INFO    ]  vdb_ui.api           │ ← GET /api/health → 200 (2.5 ms)
2026-08-04 16:16:09  [INFO    ]  vdb_ui.api           │ ← GET /api/logs/latest → 200 (4.9 ms)
2026-08-04 16:17:09  [INFO    ]  vdb_ui.api           │ → GET /api/logs/latest
2026-08-04 16:17:09  [INFO    ]  vdb_ui.api           │ ← GET /api/logs/latest → 200 (1.7 ms)
2026-08-04 16:17:09  [INFO    ]  vdb_ui.api           │ → GET /api/health
2026-08-04 16:17:09  [INFO    ]  vdb_ui.api           │ ← GET /api/health → 200 (0.7 ms)
2026-08-04 16:18:09  [INFO    ]  vdb_ui.api           │ → GET /api/logs/latest
2026-08-04 16:18:09  [INFO    ]  vdb_ui.api           │ ← GET /api/logs/latest → 200 (1.7 ms)
2026-08-04 16:18:09  [INFO    ]  vdb_ui.api           │ → GET /api/health
2026-08-04 16:18:09  [INFO    ]  vdb_ui.api           │ ← GET /api/health → 200 (0.6 ms)
2026-08-04 16:19:09  [INFO    ]  vdb_ui.api           │ → GET /api/logs/latest
2026-08-04 16:19:09  [INFO    ]  vdb_ui.api           │ ← GET /api/logs/latest → 200 (1.9 ms)
2026-08-04 16:19:09  [INFO    ]  vdb_ui.api           │ → GET /api/health
2026-08-04 16:19:09  [INFO    ]  vdb_ui.api           │ ← GET /api/health → 200 (0.7 ms)
2026-08-04 16:20:09  [INFO    ]  vdb_ui.api           │ → GET /api/logs/latest
2026-08-04 16:20:09  [INFO    ]  vdb_ui.api           │ ← GET /api/logs/latest → 200 (1.6 ms)
2026-08-04 16:20:09  [INFO    ]  vdb_ui.api           │ → GET /api/health
2026-08-04 16:20:09  [INFO    ]  vdb_ui.api           │ ← GET /api/health → 200 (0.7 ms)
2026-08-04 16:20:34  [INFO    ]  vdb_ui.api           │ → GET /api/logs/latest
2026-08-04 16:20:34  [INFO    ]  vdb_ui.api           │ ← GET /api/logs/latest → 200 (8.6 ms)
2026-08-04 16:20:34  [INFO    ]  vdb_ui.api           │ → GET /api/health
2026-08-04 16:20:34  [INFO    ]  vdb_ui.api           │ ← GET /api/health → 200 (1.7 ms)
